# categoria	nome	url	licenca	stack	naomantido	descricao (original em inglês)
# fonte: github.com/awesome-selfhosted/awesome-selfhosted — gerado por scripts/importar_selfhosted.py
Analytics e métricas de uso	ANALOG	https://github.com/orangecoloured/analog	MIT	Nodejs/Docker		A minimal analytics tool. Tracks events in a span of 10-30 days.
Analytics e métricas de uso	Aptabase	https://aptabase.com/	AGPL-3.0	Docker		Privacy first and simple analytics for mobile and desktop apps.
Analytics e métricas de uso	AWStats	http://www.awstats.org/	GPL-3.0	Perl		Generate statistics from web, streaming, ftp or mail server logfiles.
Analytics e métricas de uso	Countly Community Edition	https://count.ly	AGPL-3.0	Nodejs/Docker		Real time mobile and web analytics, crash reporting and push notifications platform.
Analytics e métricas de uso	d8a.tech	https://d8a.tech	MIT	Go/Docker		A data collection service that works with your existing Google Analytics setup to capture user activity and send it straight to your own private database.
Analytics e métricas de uso	Daily Stars Explorer	https://emanuelef.github.io/daily-stars-explorer	MIT	Go/Nodejs/Docker	sim	Track GitHub repo trends with daily star insights to see growth and community interest over time.
Analytics e métricas de uso	Druid	https://druid.apache.org	Apache-2.0	Java/Docker		Distributed, column-oriented, real-time analytics data store.
Analytics e métricas de uso	EDA	https://github.com/jortilles/EDA	AGPL-3.0	Nodejs/Docker		Web application for data analysis and visualization.
Analytics e métricas de uso	GoAccess	http://goaccess.io/	GPL-2.0	C		Real-time web log analyzer and interactive viewer that runs in a terminal.
Analytics e métricas de uso	GoatCounter	https://www.goatcounter.com	EUPL-1.2	Go		Easy web statistics without tracking of personal data.
Analytics e métricas de uso	HitKeep	https://hitkeep.com/	MIT	Go/Docker		Privacy-first web analytics with goals, funnels, ecommerce tracking, and team management in a single binary with embedded DuckDB (alternative to Google Analytics, Plausible, Umami).
Analytics e métricas de uso	Litlyx	https://litlyx.com	Apache-2.0	Docker		All-in-one Analytics Solution. Setup in 30 seconds. Display all your data on an AI-powered dashboard. Fully self-hostable and GDPR compliant.
Analytics e métricas de uso	Liwan	https://liwan.dev/	Apache-2.0	Rust/Docker		Privacy-first web analytics.
Analytics e métricas de uso	Matomo	https://matomo.org/	GPL-3.0	PHP		Web analytics that protects your data and your customers' privacy (alternative to Google Analytics).
Analytics e métricas de uso	Medama Analytics	https://oss.medama.io	Apache-2.0/MIT	Docker/Go		Privacy-first website analytics. Tiny, simple, and cookie-free.
Analytics e métricas de uso	Metabase	https://metabase.com/	AGPL-3.0	Java/Docker		Easy way for everyone in your company to ask questions and learn from data.
Analytics e métricas de uso	Middleware	https://middlewarehq.com/	Apache-2.0	Docker/Python/Nodejs		Tool designed to help engineering leaders measure and analyze the effectiveness of their teams using the DORA metrics.
Analytics e métricas de uso	Netron	https://netron.app/	MIT	Python/Nodejs		Visualizer for neural network and machine learning models.
Analytics e métricas de uso	Offen	https://www.offen.dev/	Apache-2.0	Go/Docker		Fair, lightweight and open web analytics tool. Gain insights while your users have full access to their data.
Analytics e métricas de uso	Plausible Analytics	https://plausible.io/	AGPL-3.0	Elixir		Simple, lightweight (< 1 KB) and privacy-friendly web analytics.
Analytics e métricas de uso	PostHog	https://posthog.com	MIT	Python		Product analytics, session recording, feature flagging and a/b testing that you can self-host (alternative to Mixpanel, Amplitude, Heap, HotJar, Optimizely).
Analytics e métricas de uso	Postiz	https://postiz.com	AGPL-3.0	Docker	sim	Schedule posts, track the performance of your content, and manage all your social media accounts in one place (Alternative to Buffer, Hootsuite, Sprout Social).
Analytics e métricas de uso	Prisme Analytics	https://www.prismeanalytics.com	AGPL-3.0/MIT	Docker		Privacy-focused and progressive analytics service based on Grafana.
Analytics e métricas de uso	Redash	http://redash.io	BSD-2-Clause	Docker		Connect and query your data sources, build dashboards to visualize data and share them with your company.
Analytics e métricas de uso	Rybbit	https://rybbit.com/	AGPL-3.0	Docker		Web and products analytics that is easy to setup and more intuitive (alternative to Google Analytics).
Analytics e métricas de uso	Shaper	https://taleshape.com/shaper/docs	MPL-2.0	Docker/Nodejs/Python/Go		Build Data Dashboards all in SQL. Powered by DuckDB.
Analytics e métricas de uso	Socioboard	https://github.com/socioboard/Socioboard-5.0	GPL-3.0	Nodejs	sim	Social media management, analytics, and reporting platform supporting nine social media networks out-of-the-box.
Analytics e métricas de uso	Statistics for Strava	https://github.com/robiningelbrecht/statistics-for-strava	AGPL-3.0	Docker	sim	Statistics dashboard generated from Strava data.
Analytics e métricas de uso	Superset	http://superset.apache.org/	Apache-2.0	Python		Modern data exploration and visualization platform.
Analytics e métricas de uso	Swetrix	https://swetrix.com/	AGPL-3.0	Docker		Ultimate, open-source web analytics to satisfy all your needs.
Analytics e métricas de uso	Umami	https://umami.is/	MIT	Nodejs/Docker		Simple, fast, privacy-focused alternative to Google Analytics.
Analytics e métricas de uso	Vince	https://www.vinceanalytics.com/	AGPL-3.0	Go/Docker/K8S/deb		Web analytics and dashboard (alternative to Google Analytics).
Arquivamento e preservação digital	ArchiveBox	https://archivebox.io/	MIT	Python/Docker		Create HTML & screenshot archives of sites from your bookmarks, browsing history, RSS feeds, or other sources (alternative to Wayback Machine).
Arquivamento e preservação digital	ArchivesSpace	https://archivesspace.org/	ECL-2.0	Ruby		Archives information management application for managing and providing Web access to archives, manuscripts and digital objects.
Arquivamento e preservação digital	Bichon	https://github.com/rustmailer/bichon	AGPL-3.0	Rust/Docker		Email archiving server that syncs from IMAP accounts, indexes emails for full-text search, and provides a REST API. No external database required, includes WebUI with multi-account support.
Arquivamento e preservação digital	bitmagnet	https://bitmagnet.io	MIT	Go/Docker		BitTorrent indexer, DHT crawler, content classifier and torrent search engine with web UI, GraphQL API and Servarr stack integration.
Arquivamento e preservação digital	CKAN	https://ckan.org	AGPL-3.0	Python		Make open data websites.
Arquivamento e preservação digital	Collective Access - Providence	https://collectiveaccess.org/	GPL-3.0	PHP		Highly configurable Web-based framework for management, description, and discovery of digital and physical collections supporting a variety of metadata standards, data types, and media formats.
Arquivamento e preservação digital	Eonvelope	https://dacid99.gitlab.io/eonvelope	AGPL-3.0	K8S/Docker		Email archiving software that allows you to preserve your emails for an indefinite long period of time.
Arquivamento e preservação digital	Ganymede	https://github.com/Zibbp/ganymede	GPL-3.0	Docker	sim	Twitch VOD and live stream archiving platform. Includes a rendered chat for each archive.
Arquivamento e preservação digital	mail-archiver	https://github.com/s1t5/mail-archiver	GPL-3.0	Docker		Web application for archiving, searching, and exporting emails from multiple accounts (IMAP, M365 or Import). Featuring folder sync, attachment support, mailbox migration and a dashboard.
Arquivamento e preservação digital	Omeka S	https://omeka.org/s/	GPL-3.0	Nodejs		Next-generation web publishing platform for institutions interested in connecting digital cultural heritage collections with other resources online.
Arquivamento e preservação digital	Open Archiver	https://openarchiver.com/	AGPL-3.0	Docker		Email archiving solution with full-text search and eDiscovery search features.
Arquivamento e preservação digital	Piler	https://www.mailpiler.org/	GPL-3.0	C/Docker/deb		Feature-rich email archiving solution.
Arquivamento e preservação digital	Wallabag	https://www.wallabag.org	MIT	PHP		Wallabag, formerly Poche, is a web application allowing you to save articles to read them later with improved readability.
Arquivamento e preservação digital	Wayback	https://github.com/wabarc/wayback	GPL-3.0	Go		A self-hosted toolkit for archiving webpages to the Internet Archive, archive.today, IPFS, and local file systems.
Automação	Activepieces	https://www.activepieces.com	MIT	Docker		No-code business automation tool like Zapier or Tray. For example, you can send a Slack notification for each new Trello card.
Automação	Apache Airflow	https://airflow.apache.org/	Apache-2.0	Python/Docker		Platform to programmatically author, schedule, and monitor workflows.
Automação	Automatisch	https://automatisch.io	AGPL-3.0	Docker		Business automation tool that lets you connect different services like Twitter, Slack, and more to automate your business processes (alternative to Zapier).
Automação	BookBounty	https://github.com/TheWicklowWolf/BookBounty	MPL-2.0	Docker	sim	Retrieve missing Readarr books from Library Genesis.
Automação	changedetection.io	https://changedetection.io/	Apache-2.0	Python/Docker		Stay up-to-date with web-site content changes.
Automação	ChiefOnboarding	https://chiefonboarding.com	AGPL-3.0	Docker		Employee onboarding platform that allows you to provision user accounts and create sequences with todo items, resources, text/email/Slack messages, and more! Available as a web portal and Slack bot.
Automação	Cronicle	https://cronicle.net/	MIT	Nodejs		Simple, distributed task scheduler and runner with a web based UI.
Automação	Cronmaster	https://github.com/fccview/cronmaster	AGPL-3.0	Docker		Cronjob management UI with human readable syntax, live logging and log history for your cronjobs.
Automação	Dagu	https://docs.dagu.cloud/	GPL-3.0	Go/Docker		Powerful Cron alternative with a Web UI. It allows you to define dependencies between commands as a Directed Acyclic Graph (DAG) in a declarative YAML format.
Automação	Discount Bandit	https://discount-bandit.cybrarist.com/	GPL-3.0	PHP/Docker	sim	Track pricing, stock status of products across multiple stores such as Amazon, Ebay, Walmart, etc.
Automação	Dittofeed	https://www.dittofeed.com	MIT	Docker		Omni-channel customer engagement and messaging automation platform (alternative to Braze, Customer.io, Iterable).
Automação	feedmixer	https://github.com/cristoper/feedmixer	WTFPL	Python		Micro web service which takes a list of feed URLs and returns a new feed consisting of the most recent n entries from each given feed (returns Atom, RSS, or JSON).
Automação	flowctl	https://flowctl.net	Apache-2.0	Go/Docker		Self-service workflow execution platform with approvals, remote execution and scheduling.
Automação	Fredy	https://fredy.orange-coding.net/	Apache-2.0	Nodejs/Docker	sim	Searches for new apartments, houses, and flats in Germany on platforms like ImmoScout24, Immowelt, and others, and instantly delivers the results to you via Slack, Telegram, and more.
Automação	gocron	https://github.com/flohoss/gocron	MIT	Docker		Task scheduler that allows users to specify recurring jobs via a simple YAML configuration file.
Automação	HandBrake Web	https://github.com/TheNickOfTime/handbrake-web	AGPL-3.0	Docker		Use one or more instances of HandBrake video transcoder on a headless device via a web interface.
Automação	Healthchecks	https://healthchecks.io/	BSD-3-Clause	Python/Docker		Listen for pings and sends alerts when pings are late.
Automação	Huginn	https://github.com/huginn/huginn	MIT	Ruby		Build agents that monitor and act on your behalf.
Automação	Kestra	https://kestra.io	Apache-2.0	Docker		Event-driven, language-agnostic platform to create, schedule, and monitor workflows. In code. Coordinate data pipelines and tasks such as ETL and ELT.
Automação	Kibitzr	https://kibitzr.github.io	MIT	Python		Lightweight personal web assistant with powerful integrations.
Automação	LazyLibrarian	https://gitlab.com/LazyLibrarian/LazyLibrarian	GPL-3.0	Python	sim	Follow authors and grab metadata for all your digital reading needs. It uses a combination of Goodreads, Librarything and optionally GoogleBooks as sources for author info and book info.
Automação	Leon	https://getleon.ai	MIT	Nodejs		Personal assistant who can live on your server.
Automação	Matchering	https://github.com/sergree/matchering	GPL-3.0	Docker		Automated music mastering (alternative to LANDR, eMastered and MajorDecibel).
Automação	Mylar3	https://mylar.nerdfirehurricane.com/	GPL-3.0	Python/Docker		Automated Comic Book (cbr/cbz) downloader program for use with NZB and torrents.
Automação	OliveTin	https://www.olivetin.app/	AGPL-3.0	Go		Web interface for running Linux shell commands.
Automação	pyLoad	https://pyload.net/	AGPL-3.0	Python		Lightweight, customizable and remotely manageable downloader for 1-click-hosting sites like rapidshare.com or uploaded.to.
Automação	StackStorm	https://stackstorm.com	Apache-2.0	Python		StackStorm (aka _IFTTT for Ops_) is event-driven automation for auto-remediation, security responses, troubleshooting, deployments, and more. Includes rules engine, workflow, 160 integration packs with 6000+ actions and ChatOps.
Automação	µTask	https://github.com/ovh/utask	BSD-3-Clause	Go/Docker		Automation engine that models and executes business processes declared in yaml.
Plataformas de blog	Antville	https://antville.org	Apache-2.0	Javascript		Free, open source project aimed at the development of a high performance, feature rich weblog hosting software.
Plataformas de blog	Castopod	https://castopod.org	AGPL-3.0	PHP/Docker		Podcast management hosting platform that includes the latest podcast 2.0 standards, an automated Fediverse feed, analytics, an embeddable player, and more.
Plataformas de blog	Chyrp Lite	https://chyrplite.net	BSD-3-Clause	PHP		Extra-awesome, extra-lightweight blog engine.
Plataformas de blog	Dotclear	https://git.dotclear.org/dev/dotclear	GPL-2.0	PHP		Take control over your blog.
Plataformas de blog	Ech0	https://ech0.app/	AGPL-3.0	Docker/K8S		Lightweight federated publishing platform focused on personal idea sharing (documentation in Chinese).
Plataformas de blog	FlatPress	https://flatpress.org/	GPL-2.0	PHP		A lightweight, easy-to-set-up flat-file blogging engine.
Plataformas de blog	fx	https://github.com/rikhuijzer/fx	MIT	Docker		Micro-blog tool offering built-in syntax highlighting, mobile publishing and more (alternative to Twitter, Bluesky).
Plataformas de blog	Ghost	https://ghost.org/	MIT	Nodejs		Just a blogging platform.
Plataformas de blog	Haven	https://havenweb.org/	MIT	Ruby		Private blogging system with markdown editing and built in RSS reader.
Plataformas de blog	HTMLy	https://www.htmly.com/	GPL-2.0	PHP		Databaseless PHP blogging platform. A flat-file CMS that allows you to create a fast, secure, and powerful website or blog in seconds.
Plataformas de blog	Known	https://withknown.com/	Apache-2.0	PHP		Collaborative social publishing platform.
Plataformas de blog	Mataroa	https://mataroa.blog/	MIT	Python		Naked blogging platform for minimalists.
Plataformas de blog	PluXml	https://pluxml.org	GPL-3.0	PHP		XML-based blog/CMS platform.
Plataformas de blog	Serendipity	https://docs.s9y.org/	BSD-3-Clause	PHP		Serendipity (s9y) is a highly extensible and customizable PHP blog engine using Smarty templating.
Plataformas de blog	WriteFreely	https://writefreely.org	AGPL-3.0	Go		Writing software for starting a minimalist, federated blog — or an entire community.
Agendamento e reservas	Alf.io	https://alf.io/	GPL-3.0	Java		Ticket reservation system.
Agendamento e reservas	Cal.diy	https://cal.diy/	MIT	Nodejs		Online appointment scheduling system.
Agendamento e reservas	Easy!Appointments	https://easyappointments.org/	GPL-3.0	PHP		Allows your customers to book appointments with you via the web.
Agendamento e reservas	Hi.Events	https://hi.events	AGPL-3.0	Docker		Event management and ticketing platform for conferences, concerts, and more. Offering customizable event pages and embeddable ticket widgets.
Agendamento e reservas	LibreBooking	https://librebooking.readthedocs.io/	GPL-3.0	PHP/Docker		Resource scheduling solution offering a flexible, mobile-friendly, and extensible interface for organizations to manage resource reservations.
Agendamento e reservas	QloApps	https://qloapps.com/	OSL-3.0	PHP/Nodejs		Customizable and intuitive web-based hotel reservation system and a booking engine.
Agendamento e reservas	Rallly	https://rallly.co	AGPL-3.0	Nodejs/Docker		Create polls to vote on dates and times (alternative to Doodle).
Agendamento e reservas	Seatsurfing	https://seatsurfing.app/	GPL-3.0	Docker		Webbased app to book seats, desks and rooms for offices.
Favoritos e compartilhamento de links	Betula	https://joinbetula.org	AGPL-3.0	Go		Single-user federated bookmark manager with Fediverse support and archives.
Favoritos e compartilhamento de links	Buku	https://github.com/jarun/Buku	GPL-3.0	Python/deb		Powerful bookmark manager and a personal textual mini-web.
Favoritos e compartilhamento de links	Digibunch	https://ladigitale.dev/digibunch/#/	AGPL-3.0	Nodejs/PHP		Create bunches of links to share with your learners or colleagues.
Favoritos e compartilhamento de links	Espial	https://github.com/jonschoning/espial	AGPL-3.0	Haskell		An open-source, web-based bookmarking server.
Favoritos e compartilhamento de links	Faved	https://faved.to/	MIT	Docker		Handcrafted bookmark manager combining powerful tagging, instant search, and a clean, distraction-free interface. Built for large collections and advanced workflows, optimized for efficiency and ease-of-use.
Favoritos e compartilhamento de links	Firefox Account Server	https://mozilla-services.readthedocs.io/en/latest/howtos/run-fxa.html	MPL-2.0	Nodejs/Java		Host your own Firefox accounts server.
Favoritos e compartilhamento de links	Karakeep	https://karakeep.app/	AGPL-3.0	Docker		Bookmark-everything app with a touch of AI for the data hoarders out there.
Favoritos e compartilhamento de links	LinkAce	https://www.linkace.org/	GPL-3.0	Docker/PHP		Bookmark archive with automatic backups to the Internet Archive, link monitoring, and a full REST API. Installation is done via Docker, or as a simple PHP application.
Favoritos e compartilhamento de links	linkding	https://linkding.link/	MIT	Docker		Minimal bookmark management with a fast and clean UI. Simple installation through Docker and can run on your Raspberry Pi.
Favoritos e compartilhamento de links	LinkWarden	https://linkwarden.app/	MIT	Docker/Nodejs		Bookmark and archive manager to store your useful links.
Favoritos e compartilhamento de links	NeonLink	https://github.com/AlexSciFier/neonlink	MIT	Docker		Bookmark service with unique design and simple installation with Docker.
Favoritos e compartilhamento de links	Readeck	https://readeck.org/en/	AGPL-3.0	Go/Docker		Save the precious readable content of web pages you like and want to keep forever. See it as a bookmark manager and a read later tool.
Favoritos e compartilhamento de links	Servas	https://github.com/beromir/Servas	GPL-3.0	Docker/Nodejs/PHP		A self-hosted bookmark management tool. It allows organization with tags, groups, and a list specifically for later access. It supports multiple users with 2FA. Companion browser extensions are available for Firefox and Chrome.
Favoritos e compartilhamento de links	Shaarli	https://github.com/shaarli/Shaarli	Zlib	PHP/deb		Personal, minimalist, super-fast, no-database bookmarking and link sharing platform.
Favoritos e compartilhamento de links	Shiori	https://github.com/go-shiori/shiori	MIT	Go/Docker		Simple bookmark manager built with Go.
Favoritos e compartilhamento de links	Slash	https://github.com/yourselfhosted/slash	GPL-3.0	Docker		An open source, self-hosted bookmarks and link sharing platform.
Favoritos e compartilhamento de links	SyncMarks	https://codeberg.org/Offerel/SyncMarks-Webapp	AGPL-3.0	PHP		Sync and manage your browser bookmarks from Edge, Firefox and Chromium.
Agenda e contatos	Baïkal	https://sabre.io/baikal/	GPL-3.0	PHP		Lightweight CalDAV and CardDAV server based on sabre/dav.
Agenda e contatos	DAViCal	https://www.davical.org/	GPL-2.0	PHP/deb		Server for calendar sharing (CalDAV) that uses a PostgreSQL database as a data store.
Agenda e contatos	Davis	https://github.com/tchapi/davis	MIT	PHP		A simple, dockerizable and fully translatable admin interface for sabre/dav based on Symfony 5 and Bootstrap 4, largely inspired by Baïkal.
Agenda e contatos	Keeper.sh	https://keeper.sh/	AGPL-3.0	Docker		Calendar syncing tool that pulls and pushes events between calendar sources and destinations via iCal/ICS or OAuth, with support for anonymized busy/free events.
Agenda e contatos	Manage My Damn Life	https://intri.in/manage-my-damn-life/	GPL-3.0	Nodejs/Docker		Manage my Damn Life (MMDL) is a self-hosted front end for managing your CalDAV tasks and calendars.
Agenda e contatos	Radicale	https://radicale.org/	GPL-3.0	Python/deb		Simple calendar and contact server with extremely low administrative overhead.
Agenda e contatos	SabreDAV	https://sabre.io/	MIT	PHP		Open source CardDAV, CalDAV, and WebDAV framework and server.
Agenda e contatos	Xandikos	https://github.com/jelmer/xandikos	GPL-3.0	Python/deb		Open source CardDAV and CalDAV server with minimal administrative overhead, backed by a Git repository.
Comunicação — sistemas de mensagem	AnyCable	https://anycable.io/	MIT	Go/Docker		Realtime server for reliable two-way communication over WebSockets, Server-sent events, etc.
Comunicação — sistemas de mensagem	Apprise	https://github.com/caronc/apprise	MIT	Python/Docker/deb		Apprise allows you to send a notification to almost all of the most popular notification services available to us today such as: Telegram, Discord, Slack, Amazon SNS, Gotify, etc.
Comunicação — sistemas de mensagem	Centrifugo	https://centrifugal.dev/	MIT	Go/Docker/K8S		Language-agnostic real-time messaging (Websocket or SockJS) server.
Comunicação — sistemas de mensagem	Chitchatter	https://chitchatter.im/	GPL-2.0	Nodejs		Peer-to-peer chat app that is serverless, decentralized, and ephemeral.
Comunicação — sistemas de mensagem	Conduit	https://conduit.rs/	Apache-2.0	Rust		A simple, fast, and reliable chat server powered by Matrix.
Comunicação — sistemas de mensagem	Continuwuity	https://continuwuity.org/	Apache-2.0	Rust/Docker/K8S/deb		Community-driven Matrix homeserver, the continuation of conduwuit focusing on user experience and new features (fork of Conduit).
Comunicação — sistemas de mensagem	Databag	https://github.com/balzack/databag	Apache-2.0	Docker		Federated, end-to-end encrypted messaging service for the web, iOS, and Android, supporting text, photos, video, and WebRTC video and audio calls.
Comunicação — sistemas de mensagem	Element	https://element.io	Apache-2.0	Nodejs		Fully-featured Matrix client for Web, iOS & Android.
Comunicação — sistemas de mensagem	GlobaLeaks	https://www.globaleaks.org/	AGPL-3.0	Python/deb/Docker		Whistleblowing software enabling anyone to easily set up and maintain a secure reporting platform.
Comunicação — sistemas de mensagem	GNUnet	https://gnunet.org/	GPL-3.0	C		Software framework for decentralized, peer-to-peer networking.
Comunicação — sistemas de mensagem	Gotify	https://gotify.net/	MIT	Go/Docker		Notification server with Android and CLI clients (alternative to PushBullet).
Comunicação — sistemas de mensagem	Hyphanet	https://hyphanet.org/	GPL-2.0	Java		Anonymously share files, browse and publish _freesites_ (web sites accessible only through Hyphanet) and chat on forums.
Comunicação — sistemas de mensagem	Jami	https://jami.net/	GPL-3.0	C++		Universal communication platform which preserves the user's privacy and freedoms.
Comunicação — sistemas de mensagem	Live Helper Chat	https://livehelperchat.com/	Apache-2.0	PHP		Live Support chat for your website.
Comunicação — sistemas de mensagem	Mumble	https://wiki.mumble.info/wiki/Main_Page	BSD-3-Clause	C++/deb		Low-latency, high quality voice/text chat software.
Comunicação — sistemas de mensagem	Notifo	https://github.com/notifo-io/notifo	MIT	C#		Multichannel notification server with support for Email, Mobile Push, Web Push, SMS, messaging and a javascript plugin.
Comunicação — sistemas de mensagem	Novu	https://novu.co/	MIT	Docker/Nodejs		Notification infrastructure for developers.
Comunicação — sistemas de mensagem	ntfy	https://ntfy.sh/	Apache-2.0/GPL-2.0	Go/Docker/K8S		Push notifications to phone or desktop using HTTP PUT/POST, with Android app, CLI and web app, similar to Pushover and Gotify.
Comunicação — sistemas de mensagem	One Time Secret	https://docs.onetimesecret.com	MIT	Docker/Ruby/Nodejs		Share sensitive information securely with self-destructing links that are only viewable once.
Comunicação — sistemas de mensagem	OTS	https://ots.fyi/	Apache-2.0	Go		One-Time-Secret sharing platform with a symmetric 256bit AES encryption in the browser.
Comunicação — sistemas de mensagem	PushBits	https://github.com/pushbits/server	ISC	Go		Notification server for relaying push notifications via Matrix, similar to PushBullet and Gotify.
Comunicação — sistemas de mensagem	RetroShare	https://retroshare.cc	GPL-2.0	C++		Secured and decentralized communication system. Offers decentralized chat, forums, messaging, file transfer.
Comunicação — sistemas de mensagem	Rocket.Chat	https://rocket.chat/	MIT	Nodejs/Docker/K8S		Communications platform that puts data protection first (alternative to Gitter.im and Slack).
Comunicação — sistemas de mensagem	SAMA	https://samacloud.io	GPL-3.0	Nodejs/Docker		Next-Gen self-hosted chat server and clients.
Comunicação — sistemas de mensagem	Screego	https://screego.net	GPL-3.0	Docker/Go		Screego is a simple tool to quickly share your screen to one or multiple people via web browser.
Comunicação — sistemas de mensagem	Shhh	https://github.com/smallwat3r/shhh	MIT	Python		Keep secrets out of emails or chat logs, share them using secure links with passphrase and expiration dates.
Comunicação — sistemas de mensagem	SimpleX Chat	https://github.com/simplex-chat/simplex-chat	AGPL-3.0	Haskell		The most private and secure chat and applications platform - now with double ratchet E2E encryption.
Comunicação — sistemas de mensagem	Spectrum 2	https://spectrum.im/	GPL-3.0	C++		Spectrum 2 is an open source instant messaging transport.  It allows users to chat together even when they are using different IM networks.
Comunicação — sistemas de mensagem	Stoat	https://stoat.chat/	AGPL-3.0/MIT	Rust		Stoat is a user-first chat platform built with modern web technologies.
Comunicação — sistemas de mensagem	Synapse	https://element-hq.github.io/synapse/latest/index.html	Apache-2.0	Python/deb		Server for [Matrix](https://matrix.org/), an open standard for decentralized persistent communication.
Comunicação — sistemas de mensagem	Tiledesk	https://tiledesk.com	MIT	Docker/K8S		All-in-one customer engagement platform from lead-gen to post-sales, from WhatsApp to your website. With omni-channel live agents and AI-powered chatbots (alternative to Intercom, Zendesk, Tawk.to and Tidio).
Comunicação — sistemas de mensagem	Tinode	https://github.com/tinode	GPL-3.0	Go		Instant messaging platform. Backend in Go. Clients: Swift iOS, Java Android, JS webapp, scriptable command line; chatbots.
Comunicação — sistemas de mensagem	Tox	https://tox.chat/	GPL-3.0	C		Distributed, secure messenger with audio and video chat capabilities.
Comunicação — sistemas de mensagem	Tuwunel	https://tuwunel.chat	Apache-2.0	deb/Docker/Nix/Rust		High-performance and feature-rich chat server for Matrix, and the successor to conduwuit (fork of Conduit).
Comunicação — sistemas de mensagem	Typebot	https://typebot.io	AGPL-3.0	Docker		Conversational app builder (alternative to Typeform and Landbot).
Comunicação — sistemas de mensagem	WBO	https://github.com/lovasoa/whitebophir	AGPL-3.0	Nodejs/Docker		Web Whiteboard to collaborate in real-time on schemas, drawings, and notes.
Comunicação — sistemas de mensagem	Zulip	https://zulip.org	Apache-2.0	Python		Zulip is a powerful, open source group chat application.
E-mail — soluções completas	AnonAddy	https://anonaddy.com	MIT	PHP/Docker		Email forwarding service for creating aliases.
E-mail — soluções completas	b1gMail	https://www.b1gmail.eu	GPL-2.0	PHP		Complete email solution that runs on any webspace with PHP and MariaDB. It supports POP3 catchall mailboxes and can also integrate with Postfix or b1gMailServer if you're running your own server.
E-mail — soluções completas	DebOps	https://docs.debops.org/	GPL-3.0	Ansible/Python		Your Debian-based data center in a box. A set of general-purpose Ansible roles that can be used to manage Debian or Ubuntu hosts.
E-mail — soluções completas	docker-mailserver	https://docker-mailserver.github.io/docker-mailserver/edge/	MIT	Docker		Production-ready fullstack but simple mail server (SMTP, IMAP, LDAP, Antispam, Antivirus, etc.) running inside a container. Only configuration files, no SQL database.
E-mail — soluções completas	Inboxen	https://inboxen.org	GPL-3.0	Python		Lets you have an infinite number of unique inboxes.
E-mail — soluções completas	iRedMail	https://www.iredmail.org/	GPL-3.0	Shell		Full-featured mail server solution based on Postfix and Dovecot.
E-mail — soluções completas	Maddy Mail Server	https://maddy.email/	GPL-3.0	Go		All-in-one mail server that implements SMTP (both MTA and MX) and IMAP. Replaces Postfix, Dovecot, OpenDKIM, OpenSPF, OpenDMARC with single daemon.
E-mail — soluções completas	Mail-in-a-Box	https://mailinabox.email/	CC0-1.0	Shell		Turns any Ubuntu server into a fully functional mail server with one command.
E-mail — soluções completas	Mailcow	https://mailcow.email/	GPL-3.0	Docker/PHP		Mail server suite based on Dovecot, Postfix and other open source software, that provides a modern Web UI for administration.
E-mail — soluções completas	Mailu	https://mailu.io/	MIT	Docker/Python		Simple yet full-featured mail server as a set of Docker images.
E-mail — soluções completas	Modoboa	https://modoboa.org/en/	ISC	Python		Mail hosting and management platform including a modern and simplified web user interface.
E-mail — soluções completas	Mox	https://www.xmox.nl/	MIT	Go		Complete e-mail solution with IMAP4, SMTP, SPF, DKIM, DMARC, MTA-STS, DANE and DNSSEC, reputation-based and content-based junk filtering, Internationalization (IDNA), automatic TLS with ACME and Let's Encrypt, account autoconfiguration, and webmail.
E-mail — soluções completas	Postal	https://docs.postalserver.io/	MIT	Docker/Ruby		Complete and fully featured mail server for use by websites & web servers.
E-mail — soluções completas	Simple NixOS Mailserver	https://gitlab.com/simple-nixos-mailserver/nixos-mailserver	GPL-3.0	Nix		Complete mailserver solution leveraging the Nix Ecosystem.
E-mail — soluções completas	SimpleLogin	https://simplelogin.io	MIT	Docker/Python		Open source email alias solution to protect your email address. Comes with browser extensions and mobile apps.
E-mail — soluções completas	Stalwart Mail Server	https://stalw.art	AGPL-3.0	Rust/Docker		All-in-one mail server with JMAP, IMAP4, and SMTP support and a wide range of modern features.
E-mail — soluções completas	wildduck	https://wildduck.email/	EUPL-1.2	Nodejs/Docker		Scalable no-SPOF IMAP/POP3 mail server.
E-mail — entrega (MDA)	Cyrus IMAP	https://www.cyrusimap.org/	BSD-3-Clause-Attribution	C		Email (IMAP/POP3), contacts and calendar server.
E-mail — entrega (MDA)	DavMail	https://davmail.sourceforge.net/	GPL-2.0	Java	sim	POP/IMAP/SMTP/Caldav/Carddav/LDAP exchange gateway allowing users to use any mail/calendar client with an Exchange server, even from the internet or behind a firewall through Outlook Web Access.
E-mail — entrega (MDA)	Dovecot	https://www.dovecot.org/	MIT/LGPL-2.1	C/deb		IMAP and POP3 server written primarily with security in mind.
E-mail — transporte (MTA)	chasquid	https://blitiri.com.ar/p/chasquid/	Apache-2.0	Go		SMTP (email) server with a focus on simplicity, security, and ease of operation.
E-mail — transporte (MTA)	Courier MTA	https://www.courier-mta.org/	GPL-3.0	C/deb		Fast, scalable, enterprise mail/groupware server providing ESMTP, IMAP, POP3, webmail, mailing list, basic web-based calendaring and scheduling services.
E-mail — transporte (MTA)	DragonFly	https://github.com/corecode/dma	BSD-3-Clause	C		A small MTA for home and office use. Works on Linux and FreeBSD.
E-mail — transporte (MTA)	EmailRelay	https://emailrelay.sourceforge.net/	GPL-3.0	C++		A small and easy to configure SMTP and POP3 server for Windows and Linux.
E-mail — transporte (MTA)	Exim	https://www.exim.org/	GPL-3.0	C/deb		Message transfer agent (MTA) developed at the University of Cambridge.
E-mail — transporte (MTA)	Haraka	https://haraka.github.io/	MIT	Nodejs		Fast, highly extensible, and event driven SMTP server.
E-mail — transporte (MTA)	OpenSMTPD	https://opensmtpd.org/	ISC	C/deb		Secure SMTP server implementation from the OpenBSD project.
E-mail — transporte (MTA)	Postfix	http://www.postfix.org/	IPL-1.0	C/deb		Fast, easy to administer, and secure Sendmail replacement.
E-mail — transporte (MTA)	Sendmail	https://www.proofpoint.com/us/products/email-protection/open-source-email-solution	Sendmail	C/deb		Message transfer agent (MTA).
E-mail — listas e newsletters	HyperKitty	https://wiki.list.org/HyperKitty	GPL-3.0	Python		Access GNU Mailman v3 archives.
E-mail — listas e newsletters	Keila	https://www.keila.io	AGPL-3.0	Docker		Reliable and easy-to-use newsletter tool (alternative to Mailchimp and Sendinblue).
E-mail — listas e newsletters	Listmonk	https://listmonk.app/	AGPL-3.0	Go/Docker		High performance, self-hosted newsletter and mailing list manager with a modern dashboard.
E-mail — listas e newsletters	Mailman	https://www.list.org/	GPL-3.0	Python		Manage electronic mail discussion and e-newsletter lists.
E-mail — listas e newsletters	Mautic	https://www.mautic.org/	GPL-3.0	PHP		Marketing automation software (email, social and more).
E-mail — listas e newsletters	mlmmj	https://mlmmj.org/	MIT	C		Mailing list management made joyful.
E-mail — listas e newsletters	phpList	https://www.phplist.org	AGPL-3.0	PHP		Newsletter and email marketing with advanced management of subscribers, bounces, and plugins.
E-mail — listas e newsletters	Postorius	https://docs.mailman3.org/projects/postorius/en/latest/	GPL-3.0	Python		Web user interface to access GNU Mailman.
E-mail — listas e newsletters	Schleuder	https://schleuder.nadir.org/	GPL-3.0	Ruby		GPG-enabled mailing list manager with resending-capabilities.
E-mail — listas e newsletters	Sympa	https://www.sympa.community/	GPL-2.0	Perl		Mailing list manager.
E-mail — clientes web	Cypht	https://cypht.org	LGPL-2.1	PHP		Feed reader for your email accounts.
E-mail — clientes web	Roundcube	https://roundcube.net	GPL-3.0	PHP/deb		Browser-based IMAP client with an application-like user interface.
E-mail — clientes web	SnappyMail	https://github.com/the-djmaze/snappymail	AGPL-3.0	PHP		Simple, modern, lightweight & fast web-based email client (fork of RainLoop).
E-mail — clientes web	SquirrelMail	https://squirrelmail.org	GPL-2.0	PHP		Another browser-based IMAP client.
Comunicação — IRC	Ergo	https://ergo.chat/	MIT	Go/Docker		Modern IRCv3 server written in Go, combining the features of an ircd, a services framework, and a bouncer.
Comunicação — IRC	Glowing Bear	https://github.com/glowing-bear/glowing-bear	GPL-3.0	Nodejs		A web frontend for WeeChat.
Comunicação — IRC	InspIRCd	https://www.inspircd.org/	GPL-2.0	C++/Docker		Modular IRC server written in C++ for Linux, BSD, Windows, and macOS.
Comunicação — IRC	Kiwi IRC	https://kiwiirc.com/	Apache-2.0	Nodejs		Responsive web IRC client with theming support.
Comunicação — IRC	ngircd	https://ngircd.barton.de/	GPL-2.0	C/deb		Portable and lightweight Internet Relay Chat server for small or private networks.
Comunicação — IRC	Quassel IRC	https://quassel-irc.org/	GPL-2.0	C++		Distributed IRC client, meaning that one (or multiple) client(s) can attach to and detach from a central core.
Comunicação — IRC	Robust IRC	https://robustirc.net/	BSD-3-Clause	Go		IRC without netsplits. Distributed IRC server, based on RobustSession protocol.
Comunicação — IRC	The Lounge	https://thelounge.chat/	MIT	Nodejs/Docker		Self-hosted web IRC client.
Comunicação — IRC	UnrealIRCd	https://www.unrealircd.org/	GPL-2.0	C		Modular, advanced and highly configurable IRC server written in C for Linux, BSD, Windows, and macOS.
Comunicação — IRC	Weechat	https://weechat.org/	GPL-3.0	C/Docker/deb		Fast, light and extensible chat client.
Comunicação — IRC	ZNC	https://wiki.znc.in/ZNC	Apache-2.0	C++/deb		Advanced IRC bouncer.
Comunicação — SIP e telefonia	Asterisk	https://www.asterisk.org/	GPL-2.0	C/deb		Easy to use but advanced IP PBX system, VoIP gateway and conference server.
Comunicação — SIP e telefonia	Flexisip	https://www.linphone.org/en/flexisip-sip-server/	AGPL-3.0	C/Docker		Complete, modular and scalable SIP server, includes a push gateway, to deliver SIP incoming calls or text messages on mobile device platforms where push notifications are required to receive information when the app is not active in the foreground.
Comunicação — SIP e telefonia	Freepbx	https://www.freepbx.org	GPL-2.0	PHP		Web-based open source GUI that controls and manages Asterisk.
Comunicação — SIP e telefonia	FreeSWITCH	https://freeswitch.org/	MPL-2.0	C		Scalable open source cross-platform telephony platform.
Comunicação — SIP e telefonia	FusionPBX	https://www.fusionpbx.com/	MPL-1.1	PHP		Web interface for multi-platform voice switch called FreeSWITCH.
Comunicação — SIP e telefonia	Kamailio	https://www.kamailio.org/w/	GPL-2.0	C/deb		Modular SIP server (registrar/proxy/router/etc).
Comunicação — SIP e telefonia	openSIPS	https://opensips.org/	GPL-2.0	C		SIP proxy/server for voice, video, IM, presence and any other SIP extensions.
Comunicação — SIP e telefonia	Routr	https://routr.io	MIT	Docker/K8S		Lightweight SIP proxy, location server, and registrar for a reliable and scalable SIP infrastructure.
Comunicação — SIP e telefonia	SIP3	https://sip3.io/	Apache-2.0	Java		VoIP troubleshooting and monitoring platform.
Comunicação — SIP e telefonia	SIPCAPTURE Homer	https://www.sipcapture.org/	AGPL-3.0	Nodejs/Go/Docker		Troubleshooting and monitoring VoIP calls.
Comunicação — SIP e telefonia	Wazo	https://wazo-platform.org/	GPL-3.0	Python		Full-featured IPBX solution built atop Asterisk with integrated Web administration interface and REST-ful API.
Comunicação — SIP e telefonia	Yeti-Switch	https://yeti-switch.org/	GPL-2.0	C++/Ruby		Transit class4 softswitch(SBC) with integrated billing and routing engine and REST API.
Redes sociais e fóruns	Akkoma	https://akkoma.social/	AGPL-3.0	Elixir/Docker		Federated microblogging server with Mastodon, GNU social, and ActivityPub compatibility.
Redes sociais e fóruns	Answer	https://answer.apache.org	Apache-2.0	Docker/Go		Knowledge-based community software. You can use it to quickly build your Q&A community for product technical support, customer support, user communication, and more.
Redes sociais e fóruns	Artalk	https://artalk.js.org/	MIT	Go/Docker		Comment system built in Golang, providing a lightweight and highly customizable solution for adding comments to your website.
Redes sociais e fóruns	AsmBB	https://board.asm32.info	EUPL-1.2	Assembly		Fast, SQLite-powered forum engine written in ASM.
Redes sociais e fóruns	BuddyPress	https://buddypress.org/about/	GPL-2.0	PHP		Powerful plugin that takes your WordPress.org powered site beyond the blog with social-network features like user profiles, activity streams, user groups, and more.
Redes sociais e fóruns	Coral	https://coralproject.net/	Apache-2.0	Docker/Nodejs		A better commenting experience from Vox Media.
Redes sociais e fóruns	diaspora*	https://diasporafoundation.org/	AGPL-3.0	Ruby		Distributed social networking server.
Redes sociais e fóruns	Discourse	https://www.discourse.org/	GPL-2.0	Docker		Advanced forum / community solution based on Ruby and JS.
Redes sociais e fóruns	Elgg	https://elgg.org/	GPL-2.0	PHP		Powerful open source social networking engine.
Redes sociais e fóruns	Enigma 1/2 BBS	https://nuskooler.github.io/enigma-bbs/	BSD-2-Clause	Shell/Docker/Nodejs		Enigma 1/2 is a modern, multi-platform BBS engine with unlimited "callers" and legacy DOS door game support.
Redes sociais e fóruns	Flarum	https://flarum.org	MIT	PHP		Delightfully simple forums. Flarum is the next-generation forum software that makes online discussion fun again.
Redes sociais e fóruns	Friendica	https://friendi.ca/	AGPL-3.0	PHP		Social Communication Server.
Redes sociais e fóruns	GoToSocial	https://docs.gotosocial.org/en/latest/	AGPL-3.0	Docker/Go		ActivityPub federated social network server implementing the Mastodon client API.
Redes sociais e fóruns	Habitat	https://gethabitat.org/	AGPL-3.0	Docker		A Platform for Local Communities.
Redes sociais e fóruns	Hatsu	https://hatsu.cli.rs/	AGPL-3.0	Docker/Rust		Bridge that interacts with Fediverse on behalf of your static site.
Redes sociais e fóruns	Hubzilla	https://hubzilla.org	MIT	PHP		Decentralized identity, privacy, publishing, sharing, cloud storage, and communications/social platform.
Redes sociais e fóruns	HumHub	https://www.humhub.org/	AGPL-3.0	PHP		Flexible kit for private social networks.
Redes sociais e fóruns	Iceshrimp.NET	https://iceshrimp.net	EUPL-1.2	.NET/C#/Docker		Federated microblogging server that communicates over ActivityPub.
Redes sociais e fóruns	Isso	https://isso-comments.de/	MIT	Python/Docker		Lightweight commenting server written in Python and Javascript. It aims to be a drop-in replacement for Disqus.
Redes sociais e fóruns	Lemmy	https://join-lemmy.org/	AGPL-3.0	Docker/Rust		Link aggregator for the fediverse (alternative to Reddit).
Redes sociais e fóruns	Loomio	https://www.loomio.org/	AGPL-3.0	Docker		Collaborative decision-making tool that makes it easy for anyone to participate in decisions which affect them.
Redes sociais e fóruns	Mastodon	https://joinmastodon.org/	AGPL-3.0	Ruby		Federated microblogging server.
Redes sociais e fóruns	Misago	https://misago-project.org/	GPL-2.0	Docker		Fully featured modern forum application that is fast, scalable and responsive.
Redes sociais e fóruns	Misskey	https://misskey.io/	AGPL-3.0	Nodejs/Docker		Decentralized app-like microblogging server/SNS for the Fediverse, using the ActivityPub protocol like GNU social and Mastodon.
Redes sociais e fóruns	Movim	https://movim.eu/	AGPL-3.0	PHP/Docker		Modern, federated social network based on XMPP, with a fully featured group-chat, subscriptions and microblogging.
Redes sociais e fóruns	MyBB	https://mybb.com/	LGPL-3.0	PHP		Free, extensible forum software package.
Redes sociais e fóruns	NodeBB	https://nodebb.org/	GPL-3.0	Nodejs/Docker		Forum software built for the modern web.
Redes sociais e fóruns	OSSN	https://www.opensource-socialnetwork.org/	CAL-1.0	PHP		Social networking software that allows you to make a social networking website and helps your members build social relationships, with people who share similar professional or personal interests.
Redes sociais e fóruns	phpBB	https://www.phpbb.com/	GPL-2.0	PHP		Flat-forum bulletin board software solution that can be used to stay in touch with a group of people or can power your entire website.
Redes sociais e fóruns	PieFed	https://join.piefed.social	AGPL-3.0	Python/Docker		A link aggregator / reddit clone for the fediverse (alternative to Reddit).
Redes sociais e fóruns	PixelFed	https://pixelfed.social	AGPL-3.0	PHP		Ethical photo sharing platform, powered by ActivityPub federation (alternative to Instagram).
Redes sociais e fóruns	Pleroma	https://pleroma.social	AGPL-3.0	Elixir		Federated microblogging server, Mastodon, GNU social, & ActivityPub compatible.
Redes sociais e fóruns	qpixel	https://codidact.com/	AGPL-3.0	Ruby		Q&A-based community knowledge-sharing software.
Redes sociais e fóruns	Redlib	https://github.com/redlib-org/redlib	AGPL-3.0	Rust	sim	An alternative private front-end to Reddit, with its origins in Libreddit.
Redes sociais e fóruns	remark42	https://remark42.com/	MIT	Docker/Go		Lightweight and simple comment engine, which doesn't spy on users. It can be embedded into blogs, articles or any other place where readers add comments.
Redes sociais e fóruns	Scoold	https://scoold.com	Apache-2.0	Java/Docker/K8S		Stack Overflow in a JAR. An enterprise-ready Q&A platform with full-text search, SAML, LDAP integration and social login support.
Redes sociais e fóruns	Simple Machines Forum	https://www.simplemachines.org/	BSD-3-Clause	PHP		Free, professional grade software package that allows you to set up your own online community within minutes.
Redes sociais e fóruns	Socialhome	https://socialhome.network	AGPL-3.0	Docker/Python		Federated and decentralized profile builder and social network engine.
Redes sociais e fóruns	Talkyard	https://www.talkyard.io/	AGPL-3.0	Docker/Scala		Create a community, where your users can suggest ideas and get questions answered. And have friendly open-ended discussions and chat (Slack/StackOverflow/Discourse/Reddit/Disqus hybrid).
Redes sociais e fóruns	yarn.social	https://yarn.social	MIT	Go		Self-Hosted, Twitter™-like Decentralised micro-logging platform. No ads, no tracking, your content, your data.
Videoconferência	BigBlueButton	https://bigbluebutton.org/	LGPL-3.0	Java		Supports real-time sharing of audio, video, slides (with whiteboard controls), chat, and the screen. Instructors can engage remote students with polling, emojis, and breakout rooms.
Videoconferência	Galene	https://galene.org/	MIT	Go		Video conferencing server that is easy to deploy and that requires moderate server resources.
Videoconferência	Janus	https://janus.conf.meetecho.com/	GPL-3.0	C		General-purpose, lightweight, minimalist WebRTC Server.
Videoconferência	Jitsi Meet	https://jitsi.org/Projects/JitsiMeet	Apache-2.0	Nodejs/Docker/deb		WebRTC application that uses Jitsi Videobridge to provide high quality, scalable video conferences.
Videoconferência	Jitsi Video Bridge	https://jitsi.org/Projects/JitsiVideobridge	Apache-2.0	Java/deb		WebRTC compatible Selective Forwarding Unit (SFU) that allows for multiuser video communication.
Videoconferência	MiroTalk C2C	https://c2c.mirotalk.com	AGPL-3.0	Nodejs/Docker		Real-time cam-2-cam video calls & screen sharing, end-to-end encrypted, to embed in any website with a simple iframe.
Videoconferência	MiroTalk P2P	https://p2p.mirotalk.com	AGPL-3.0	Nodejs/Docker		Simple, secure, fast real-time video conferences up to 4k and 60fps, compatible with all browsers and platforms.
Videoconferência	MiroTalk SFU	https://sfu.mirotalk.com	AGPL-3.0	Nodejs/Docker		Simple, secure, scalable real-time video conferences up to 4k, compatible with all browsers and platforms.
Videoconferência	plugNmeet	https://www.plugnmeet.org/	MIT	Docker/Go		Scalable and high performance web conferencing system.
XMPP — servidores	ejabberd	https://www.ejabberd.im/	GPL-2.0	Erlang/Docker		XMPP instant messaging server.
XMPP — servidores	MongooseIM	https://www.erlang-solutions.com/products/mongooseim.html	GPL-2.0	Erlang/Docker/K8S		Mobile messaging platform with a focus on performance and scalability.
XMPP — servidores	Openfire	https://www.igniterealtime.org/projects/openfire/	Apache-2.0	Java		Real time collaboration (RTC) server.
XMPP — servidores	Prosody IM	https://prosody.im/	MIT	Lua		Feature-rich and easy to configure XMPP server.
XMPP — servidores	Snikket	https://snikket.org/	Apache-2.0	Docker		All-in-one Dockerized easy XMPP solution, including web admin and clients.
XMPP — servidores	Tigase	https://tigase.net/xmpp-server	GPL-3.0	Java		XMPP server implementation in Java.
XMPP — clientes web	Converse.js	https://conversejs.org/	MPL-2.0	Javascript		XMPP chat client in your browser.
XMPP — clientes web	Libervia	https://repos.goffi.org/libervia-web	AGPL-3.0	Python		Web frontend from Salut à Toi.
XMPP — clientes web	Salut à Toi	https://www.salut-a-toi.org/	AGPL-3.0	Python		Multipurpose, multi frontend, libre and decentralized communication tool.
Agricultura comunitária	ACP Admin	https://acp-admin.ch/	MIT	Ruby		CSA administration. Manage members, subscriptions, deliveries, drop-off locations, member participation, invoices and emails (documentation in French).
Agricultura comunitária	FoodCoopShop	https://www.foodcoopshop.com/	AGPL-3.0	PHP/Docker		User-friendly software for food-coops.
Agricultura comunitária	Foodsoft	https://foodcoops.net/	AGPL-3.0	Docker/Ruby		Manage a non-profit food coop (product catalog, ordering, accounting, job scheduling).
Agricultura comunitária	Hive-Pal	https://hivepal.app	MIT	Nodejs/Docker		Mobile-first beekeeping management app for tracking hives, inspections, queen records, and equipment with streamlined data entry optimized for field use.
Agricultura comunitária	juntagrico	https://juntagrico.org/	LGPL-3.0	Python		Management platform for community gardens and vegetable cooperatives.
Agricultura comunitária	Open Food Network	https://www.openfoodnetwork.org/	AGPL-3.0	Ruby		Online marketplace for local food. It enables a network of independent online food stores that connect farmers and food hubs with individuals and local businesses.
Agricultura comunitária	OpenOlitor	https://openolitor.org/	AGPL-3.0	Scala		Administration platform for Community Supported Agriculture groups.
Agricultura comunitária	teikei	https://github.com/teikei/teikei	AGPL-3.0	Nodejs		A web application that maps out community-supported agriculture based on crowdsourced data.
Gestão de eventos e conferências	indico	https://getindico.io/	MIT	Python		Feature-rich event management system, made @ CERN, the place where the Web was born.
Gestão de eventos e conferências	motion.tools (Antragsgrün)	https://motion.tools/	AGPL-3.0	PHP/Docker		Manage motions and amendments for (political) conventions.
Gestão de eventos e conferências	OpenSlides	https://openslides.com/	MIT	Docker		Presentation and assembly system for managing and projecting agenda, motions and elections of an assembly.
Gestão de eventos e conferências	osem	https://osem.io/	MIT	Ruby/Docker		Event management tailored to free Software conferences.
Gestão de eventos e conferências	pretalx	https://pretalx.org	Apache-2.0	Python		Web-based event management, including running a Call for Papers, reviewing submissions, and scheduling talks. Exports and imports for various related tools.
Gerenciadores de conteúdo (CMS)	Alfresco Community Edition	https://www.alfresco.com/products/community/download	LGPL-3.0	Java		The open source Enterprise Content Management software that handles any type of content, allowing users to easily share and collaborate on content.
Gerenciadores de conteúdo (CMS)	Apostrophe	https://apostrophecms.com/	MIT	Nodejs		CMS with a focus on extensible in-context editing tools.
Gerenciadores de conteúdo (CMS)	Automad	https://automad.org/	MIT	PHP/Docker		Flat-file content management system and template engine.
Gerenciadores de conteúdo (CMS)	Backdrop CMS	https://backdropcms.org/	GPL-2.0	PHP		Comprehensive CMS for small to medium sized businesses and non-profits.
Gerenciadores de conteúdo (CMS)	Bludit	https://www.bludit.com/	MIT	PHP	sim	Build a site or blog in seconds. Bludit uses flat-files (text files in JSON format) to store posts and pages.
Gerenciadores de conteúdo (CMS)	Bolt CMS	https://boltcms.io/	MIT	PHP		Content Management Tool, which strives to be as simple and straightforward as possible.
Gerenciadores de conteúdo (CMS)	CMS Made Simple	https://www.cmsmadesimple.org/	GPL-2.0	PHP		Faster and easier management of website contents, scalable for small businesses to large corporations.
Gerenciadores de conteúdo (CMS)	Cockpit	https://getcockpit.com	MIT	PHP		Simple content platform to manage any structured content.
Gerenciadores de conteúdo (CMS)	Concrete 5 CMS	https://www.concretecms.com	MIT	PHP		Open source content management system.
Gerenciadores de conteúdo (CMS)	Contao	https://contao.org/	LGPL-3.0	PHP		Powerful CMS that allows you to create professional websites and scalable web applications.
Gerenciadores de conteúdo (CMS)	CouchCMS	https://www.couchcms.com/	CPAL-1.0	PHP		CMS for designers.
Gerenciadores de conteúdo (CMS)	Drupal	https://www.drupal.org/	GPL-2.0	PHP		Advanced open source content management platform.
Gerenciadores de conteúdo (CMS)	eLabFTW	https://www.elabftw.net	AGPL-3.0	PHP		Online lab notebook for research labs. Store experiments, use a database to find reagents or protocols, use trusted timestamping to legally timestamp an experiment, export as pdf or zip archive, share with collaborators….
Gerenciadores de conteúdo (CMS)	Expressa	https://github.com/thomas4019/expressa	MIT	Nodejs		Content Management System for powering database driven websites using JSON schemas. Provides permission management and automatic REST APIs.
Gerenciadores de conteúdo (CMS)	Joomla!	https://www.joomla.org/	GPL-2.0	PHP		Advanced Content Management System (CMS).
Gerenciadores de conteúdo (CMS)	KeystoneJS	https://keystonejs.com/	MIT	Nodejs		CMS and web application platform.
Gerenciadores de conteúdo (CMS)	Localess	https://localess.org/home	MIT	Docker	sim	Powerful translation management and content management system. Manage and translate your website or app content into multiple languages, using AI to translate faster.
Gerenciadores de conteúdo (CMS)	MODX	https://modx.com/	GPL-2.0	PHP		Advanced content management and publishing platform. The current version is called 'Revolution'.
Gerenciadores de conteúdo (CMS)	Neos	https://www.neos.io	GPL-3.0	PHP		Neos or TYPO3 Neos (for version 1) is a modern, open source CMS.
Gerenciadores de conteúdo (CMS)	Noosfero	https://gitlab.com/noosfero/noosfero	AGPL-3.0	Ruby		Platform for social and solidarity economy networks with blog, e-Portfolios, CMS, RSS, thematic discussion, events agenda and collective intelligence for solidarity economy in the same system.
Gerenciadores de conteúdo (CMS)	Omeka	https://omeka.org	GPL-3.0	PHP		Create complex narratives and share rich collections, adhering to Dublin Core standards with Omeka on your server, designed for scholars, museums, libraries, archives, and enthusiasts.
Gerenciadores de conteúdo (CMS)	Payload CMS	https://payloadcms.com/	MIT	Nodejs		Developer-first headless CMS and application framework.
Gerenciadores de conteúdo (CMS)	Pimcore	http://www.pimcore.com/	GPL-3.0	PHP/Docker		Multi-channel experience and engagement management platform.
Gerenciadores de conteúdo (CMS)	Plone	https://plone.org/	ZPL-2.0	Python/Docker		Powerful open-source CMS system.
Gerenciadores de conteúdo (CMS)	Publify	https://publify.github.io/	MIT	Ruby		Simple but full featured web publishing software.
Gerenciadores de conteúdo (CMS)	Pushword	https://pushword.piedweb.com	MIT	PHP		Content management system built on Symfony, where pages are Markdown and themes are Twig, with optional Git-based flat-file storage.
Gerenciadores de conteúdo (CMS)	REDAXO	https://www.redaxo.org	MIT	PHP/Docker		Simple, flexible and useful content management system (documentation in German).
Gerenciadores de conteúdo (CMS)	SilverStripe	https://www.silverstripe.org	BSD-3-Clause	PHP		Easy to use CMS with powerful MVC framework underlying.
Gerenciadores de conteúdo (CMS)	SPIP	https://www.spip.net/fr	GPL-3.0	PHP		Publication system for the Internet aimed at collaborative work, multilingual environments, and simplicity of use for web authors.
Gerenciadores de conteúdo (CMS)	Squidex	https://squidex.io	MIT	.NET		Headless CMS, based on MongoDB, CQRS and Event Sourcing.
Gerenciadores de conteúdo (CMS)	Strapi	https://strapi.io/	MIT	Nodejs		The most advanced open-source Content Management Framework (headless-CMS) to build powerful API with no effort.
Gerenciadores de conteúdo (CMS)	Superdesk	https://superdesk.org/	AGPL-3.0	Docker/Python/PHP	sim	End-to-end news creation, production, curation, distribution, and publishing platform.
Gerenciadores de conteúdo (CMS)	Textpattern	https://textpattern.com/	GPL-2.0	PHP		Flexible, elegant and easy-to-use CMS.
Gerenciadores de conteúdo (CMS)	Typemill	https://typemill.net/	MIT	PHP		Author-friendly flat-file-cms with a visual markdown editor based on vue.js.
Gerenciadores de conteúdo (CMS)	TYPO3	https://typo3.org/	GPL-2.0	PHP		Powerful and advanced CMS with a large community.
Gerenciadores de conteúdo (CMS)	Umbraco	https://umbraco.com/	MIT	.NET		The friendly CMS. Free and open source with an amazing community.
Gerenciadores de conteúdo (CMS)	Vvveb CMS	https://www.vvveb.com	AGPL-3.0	PHP/Docker		Powerful and easy to use CMS to build websites, blogs or e-commerce stores.
Gerenciadores de conteúdo (CMS)	Wagtail	https://wagtail.io/	BSD-3-Clause	Python		Django content management system focused on flexibility and user experience.
Gerenciadores de conteúdo (CMS)	WinterCMS	https://wintercms.com/	MIT	PHP		Speedy and secure content management system built on the Laravel PHP framework.
Gerenciadores de conteúdo (CMS)	WonderCMS	https://www.wondercms.com	MIT	PHP		WonderCMS is the smallest flat file CMS since 2008.
Gerenciadores de conteúdo (CMS)	WordPress	https://wordpress.org/	GPL-2.0	PHP		World's most-used blogging and CMS engine.
CRM	Corteza	https://docs.cortezaproject.org	Apache-2.0	Go		CRM including a unified workspace, enterprise messaging and a low code environment for rapidly and securely delivering records-based management solutions.
CRM	Django-CRM	https://DjangoCRM.github.io/info/	AGPL-3.0	Python		Analytical CRM with tasks management, email marketing and many more. Django CRM is built for individual use, businesses of any size or freelancers and is designed to provide easy customization and quick development.
CRM	EspoCRM	https://www.espocrm.com/	AGPL-3.0	PHP		CRM with a frontend designed as a single page application, and a REST API.
CRM	Krayin	https://krayincrm.com/	MIT	PHP		CRM solution for SMEs and Enterprises for complete customer lifecycle management.
CRM	Monica	https://monicahq.com/	AGPL-3.0	PHP/Docker		Personal relationship manager, and a new kind of CRM to organize interactions with your friends and family.
CRM	SuiteCRM	https://suitecrm.com	AGPL-3.0	PHP		The award-winning, enterprise-class open source CRM.
CRM	Twenty	https://twenty.com	AGPL-3.0	Docker		A modern CRM offering the flexibility of open source, advanced features, and a sleek design.
Administração de banco de dados	Adminer	https://www.adminer.org/	Apache-2.0/GPL-2.0	PHP		Database management in a single PHP file. Available for MySQL, MariaDB, PostgreSQL, SQLite, MS SQL, Oracle, Elasticsearch, MongoDB and others.
Administração de banco de dados	Azimutt	https://azimutt.app	MIT	Elixir/Nodejs/Docker		Visual database exploration made for real world databases (big and messy). Explore your database schema as well as data, document them, extend them and even get analysis and guidelines.
Administração de banco de dados	Baserow	https://baserow.io/	MIT	Docker		Create your own database without technical experience (alternative to Airtable).
Administração de banco de dados	Bytebase	https://www.bytebase.com/	MIT	Docker/K8S/Go		Safe database schema change and version control for DevOps teams, supports MySQL, PostgreSQL, TiDB, ClickHouse, and Snowflake.
Administração de banco de dados	Chartbrew	https://chartbrew.com	MIT	Nodejs/Docker		Connect directly to databases and APIs and use the data to create beautiful charts.
Administração de banco de dados	ChartDB	https://chartdb.io/	AGPL-3.0	Nodejs/Docker		Database diagrams editor that allows you to visualize and design your DB with a single query.
Administração de banco de dados	CloudBeaver	https://dbeaver.com/	Apache-2.0	Docker		Manage databases, supports PostgreSQL, MySQL, SQLite and more. A web/hosted version of DBeaver.
Administração de banco de dados	d9	https://d9.webcapsule.io	GPL-3.0	Nodejs		Turn SQL databases into secure APIs through an intuitive admin interface. Data platform and headless CMS (fork of Directus).
Administração de banco de dados	Databunker	https://databunker.org/	MIT	Docker		Network-based, self-hosted, GDPR compliant, secure database for personal data or PII.
Administração de banco de dados	Datasette	https://datasette.io/	Apache-2.0	Python/Docker		Explore and publish data with easy import and export and database management.
Administração de banco de dados	Evidence	https://evidence.dev	MIT	Nodejs		Code-based BI tool. Write reports using SQL and markdown and they render as a website.
Administração de banco de dados	LibreDB Studio	https://libredb.org	MIT	Docker/K8S		Browser-based SQL IDE for PostgreSQL, MySQL, Oracle, SQL Server, SQLite, MongoDB and Redis, with an optional AI assistant that writes SQL from natural language (alternative to DataGrip, DBeaver).
Administração de banco de dados	Limbas	https://www.limbas.com/en/	GPL-2.0	PHP		Database framework for creating database-driven business applications. As a graphical database frontend, it enables the efficient processing of data stocks and the flexible development of comfortable database applications.
Administração de banco de dados	Mathesar	https://mathesar.org/	GPL-3.0	Docker/Python		Intuitive UI to manage data collaboratively, for users of all technical skill levels. Built on Postgres – connect an existing DB or set up a new one.
Administração de banco de dados	OrcaQ	https://orca-q.com	MIT	Nodejs/deb/Docker		Modern database client and IDE for managing, querying, and exploring multiple database types with built-in AI assistant.
Administração de banco de dados	StackRender	https://stackrender.io/	AGPL-3.0	Nodejs/Docker		Database schema design and SQL migration generator supporting PostgreSQL, MySQL, MariaDB, SQLite, SQL Server, and Oracle.
DNS	AdGuard Home	https://adguard.com/en/adguard-home/overview.html	GPL-3.0	Docker		User-friendly ads & trackers blocking DNS server.
DNS	blocky	https://0xerr0r.github.io/blocky/latest/	Apache-2.0	Go/Docker		Fast and lightweight DNS proxy as ad-blocker for local network with many features (alternative to Pi-hole).
DNS	Maza ad blocking	https://maza-ad-blocking.andros.dev/	Apache-2.0	Shell		Local ad blocker. Like Pi-hole but local and using your operating system.
DNS	Numa	https://numa.rs/	MIT	Rust/Docker/Nix		Ad-blocking DNS resolver with DNSSEC-validating recursive resolution, DoH/DoT/Oblivious DoH, ephemeral overrides, and local service domains, in a single Rust binary (alternative to Pi-hole, AdGuard Home, NextDNS).
DNS	Pi-hole	https://pi-hole.net/	EUPL-1.2	Shell/PHP/Docker		Blackhole for Internet advertisements with a GUI for management and monitoring.
DNS	Technitium DNS Server	https://technitium.com/dns/	GPL-3.0	Docker/C#		Authoritative/recursive DNS server with ad blocking functionality.
Gestão de documentos	BentoPDF	https://bentopdf.com	AGPL-3.0	Nodejs/Docker	sim	Powerful, privacy-first, client-side PDF toolkit that allows you to manipulate, edit, merge, and process PDF files directly in your browser.
Gestão de documentos	Docspell	https://docspell.org	GPL-3.0	Scala/Java/Docker		Auto-tagging document organizer and archive.
Gestão de documentos	Documenso	https://documenso.com	AGPL-3.0	Nodejs/Docker		Digital document signing platform (alternative to DocuSign).
Gestão de documentos	Docuseal	https://www.docuseal.co	AGPL-3.0	Docker		Create, fill, and sign digital documents (alternative to DocuSign).
Gestão de documentos	EveryDocs	https://github.com/jonashellmann/everydocs-core	GPL-3.0	Docker/Ruby		Simple Document Management System for private use with basic functionality to organize your documents digitally.
Gestão de documentos	Gotenberg	https://gotenberg.dev	MIT	Docker		Developer-friendly API to interact with powerful tools like Chromium and LibreOffice for converting numerous document formats (HTML, Markdown, Word, Excel, etc.) into PDF files, and more.
Gestão de documentos	I, Librarian	https://i-librarian.net	GPL-3.0	PHP		Organize PDF papers and office documents. It provides a lot of extra features for students and research groups both in industry and academia.
Gestão de documentos	Mayan EDMS	https://www.mayan-edms.com	GPL-2.0	Docker/K8S		Electronic document management system for your documents with preview generation, OCR, and automatic categorization among other features.
Gestão de documentos	OpenSign	https://www.opensignlabs.com	AGPL-3.0	Nodejs/Docker	sim	Document signing software (alternative to DocuSign).
Gestão de documentos	Paperless-ngx	https://docs.paperless-ngx.com/	GPL-3.0	Python/Docker		Scan, index, and archive all of your paper documents with an improved interface (fork of Paperless).
Gestão de documentos	Papermerge	https://papermerge.com	Apache-2.0	Docker/K8S		Document management system focused on scanned documents (electronic archives). Features file browsing in similar way to dropbox/google drive. OCR, full text search, text overlay/selection.
Gestão de documentos	Papra	https://papra.app	AGPL-3.0	Docker		Minimalist document storage, management and archiving platform designed to be simple to use and accessible to everyone.
Gestão de documentos	PdfDing	https://www.pdfding.com	AGPL-3.0	Docker/K8S		PDF manager, viewer and editor offering a seamless user experience on multiple devices. It's designed to be minimal, fast, and easy to set up using Docker.
Gestão de documentos	SeedDMS	https://www.seeddms.org	GPL-2.0	PHP		Document Management System with workflows, access rights, fulltext search, and more.
Gestão de documentos	Signature PDF	https://github.com/24eme/signaturepdf	AGPL-3.0	PHP/deb/Docker		Sign and manipulate PDFs with collaboration, organization, compression and metadata editing.
Gestão de documentos	SimpleDMS	https://simpledms.eu	AGPL-3.0	Docker		Easy-to-use, metadata-driven, open-source document management system (DMS) for small businesses that sorts documents almost by itself.
Gestão de documentos	Stirling-PDF	https://github.com/Stirling-Tools/Stirling-PDF	Apache-2.0	Docker/Java		Local hosted web application that allows you to perform various operations on PDF files, such as merging, splitting, file conversions and OCR.
Documentos — e-books	Atsumeru	https://atsumeru.xyz	MIT	Java/Docker		Manga/comic/light novel media server with clients for Windows, Linux, macOS and Android.
Documentos — e-books	Bindery	https://github.com/jarynclouatre/bindery	MIT	Docker		Folder-watching converter for e-books and comics. EPUB to Kobo KEPUB via kepubify, CBZ/CBR/PDF via Kindle Comic Converter, with per-device profiles, ComicInfo.xml naming, chapter-to-volume bundling and a web UI.
Documentos — e-books	BookLogr	https://github.com/Mozzo1000/booklogr	Apache-2.0	Docker		Manage your personal book library with ease.
Documentos — e-books	Calibre Web Automated	https://github.com/crocodilestick/Calibre-Web-Automated	GPL-3.0	Docker		All-in-one solution, combining the modern lightweight web UI from Calibre-Web with the robust, versatile feature set of Calibre (fork of Calibre Web).
Documentos — e-books	Calibre Web	https://github.com/janeczku/calibre-web	GPL-3.0	Python		Browse, read and download eBooks using an existing Calibre database.
Documentos — e-books	Calibre	https://calibre-ebook.com/	GPL-3.0	Python/deb		E-book library manager that can view, convert, and catalog e-books in most of the major e-book formats and provides a built-in Web server for remote clients.
Documentos — e-books	Inkheart	https://gitlab.com/Nystik/inkheart	Apache-2.0	Docker		Lightweight PDF library and reader.
Documentos — e-books	Kapowarr	https://casvt.github.io/Kapowarr/	GPL-3.0	Docker/Python		Build and manage a comic book library. Download, rename, move and convert issues of the volume to your liking.
Documentos — e-books	Kavita	https://www.kavitareader.com/	GPL-3.0	.NET/Docker		Cross-platform e-book/manga/comic/pdf server and web reader with user management, ratings and reviews, and metadata support.
Documentos — e-books	kiwix-serve	https://github.com/kiwix/kiwix-tools	GPL-3.0	C++		HTTP daemon for serving wikis from ZIM files.
Documentos — e-books	Komga	https://komga.org	MIT	Java/Docker		Media server for comics/mangas/BDs with API and OPDS support, a modern web interface for exploring your libraries, as well as a web reader.
Documentos — e-books	MyMangaDB	https://github.com/FabianRolfMatthiasNoll/MyMangaDB	GPL-3.0	Docker	sim	Manga collection manager with automatic metadata, MyAnimeList import and detailed collection statistics.
Documentos — e-books	Stump	https://www.stumpapp.dev	MIT	Rust		A fast, free and open source comics, manga and digital book server with OPDS support.
Documentos — repositórios e bibliotecas digitais	DSpace	http://www.dspace.org/	BSD-3-Clause	Java		Turnkey repository application providing durable access to digital resources.
Documentos — repositórios e bibliotecas digitais	EPrints	https://www.eprints.org/	GPL-3.0	Perl		Digital document management system with a flexible metadata and workflow model primarily aimed at academic institutions.
Documentos — repositórios e bibliotecas digitais	Fedora Commons Repository	https://wiki.lyrasis.org/display/FF/Fedora+Repository+Home	Apache-2.0	Java		Robust and modular repository system for the management and dissemination of digital content especially suited for digital libraries and archives, both for access and preservation.
Documentos — repositórios e bibliotecas digitais	InvenioRDM	https://inveniordm.docs.cern.ch/	MIT	Python		Highly scalable turn-key research data management platform with a beautiful user experience.
Documentos — repositórios e bibliotecas digitais	Islandora	https://www.islandora.ca/	GPL-3.0	PHP		Drupal module for browsing and managing Fedora-based digital repositories.
Documentos — repositórios e bibliotecas digitais	Samvera Hyrax	https://samvera.org/	Apache-2.0	Ruby		Front-end for the Samvera framework, which itself is a Ruby on Rails application for browsing and managing Fedora-based digital repositories.
Documentos — sistemas de biblioteca	Evergreen	https://evergreen-ils.org	GPL-2.0	PLpgSQL		Highly-scalable software for libraries that helps library patrons find library materials, and helps libraries manage, catalog, and circulate those materials.
Documentos — sistemas de biblioteca	Koha	https://koha-community.org/	GPL-3.0	Perl		Enterprise-class ILS with modules for acquisitions, circulation, cataloging, label printing, offline circulation for when Internet access is not available, and much more.
Documentos — sistemas de biblioteca	RERO ILS	https://rero21.ch/	AGPL-3.0	Python/Docker		Large-scale ILS that can be run as a service with consortial features, intended primarily for library networks. Includes most standard modules (circulation, acquisitions, cataloging,...) and a web-based public and professional interface.
Comércio eletrônico	Aimeos	https://aimeos.org/	LGPL-3.0/MIT	PHP		E-commerce framework for building custom online shops, market places and complex B2B applications scaling to billions of items with Laravel.
Comércio eletrônico	Bagisto	https://bagisto.com/en/	MIT	PHP		Leading Laravel open source e-commerce framework with multi-inventory sources, taxation, localization, dropshipping and more exciting features.
Comércio eletrônico	CoreShop	https://www.coreshop.org	GPL-3.0	PHP		E-commerce plugin for Pimcore.
Comércio eletrônico	Drupal Commerce	https://drupalcommerce.org	GPL-2.0	PHP		Popular e-commerce module for Drupal CMS, with support for dozens of payment, shipping, and shopping related modules.
Comércio eletrônico	EverShop	https://evershop.io/	GPL-3.0	Docker/Nodejs	sim	E-commerce platform with essential commerce features. Modular architecture and fully customizable.
Comércio eletrônico	Magento Open Source	https://business.adobe.com/products/magento/magento-commerce.html	OSL-3.0	PHP		Leading provider of open omnichannel innovation.
Comércio eletrônico	MedusaJs	https://medusajs.com/	MIT	Nodejs		Headless commerce engine that enables developers to create amazing digital commerce experiences.
Comércio eletrônico	myCart	https://github.com/shurco/mycart	MIT	Go/Docker	sim	Shopping cart in 1 file (with support for payment by card or cryptocurrency).
Comércio eletrônico	Open Source POS	https://github.com/opensourcepos/opensourcepos	MIT	PHP		Open Source Point of Sale is a web based point of sale system.
Comércio eletrônico	OpenCart	https://www.opencart.com	GPL-3.0	PHP		Shopping cart solution.
Comércio eletrônico	PrestaShop	https://www.prestashop.com/	OSL-3.0	PHP		Fully scalable e-commerce solution.
Comércio eletrônico	Pretix	https://pretix.eu/	AGPL-3.0	Python/Docker		Ticket sales platform for events.
Comércio eletrônico	s-cart	https://s-cart.org/	MIT	PHP		E-commerce website for individuals and businesses, built on top of Laravel Framework.
Comércio eletrônico	Saleor	https://saleor.io	BSD-3-Clause	Docker/Python		Django based open-sourced e-commerce storefront.
Comércio eletrônico	Shopware Community Edition	https://www.shopware.com/en/community/community-edition/	MIT	PHP		PHP based open source e-commerce software made in Germany.
Comércio eletrônico	Solidus	https://solidus.io/	BSD-3-Clause	Ruby/Docker		A free, open-source ecommerce platform that gives you complete control over your store.
Comércio eletrônico	Spree Commerce	https://spreecommerce.org	BSD-3-Clause	Ruby		Spree is a complete, modular & API-driven open source e-commerce solution for Ruby on Rails.
Comércio eletrônico	Sylius	https://sylius.com	MIT	PHP		Symfony2 powered open source full-stack platform for eCommerce.
Comércio eletrônico	Thelia	https://thelia.net/	LGPL-3.0	PHP		Thelia is an open source and flexible e-commerce solution.
Comércio eletrônico	Vendure	https://www.vendure.io	MIT	Nodejs		A headless commerce framework.
Comércio eletrônico	WooCommerce	https://woocommerce.com/	GPL-3.0	PHP		WordPress based e-commerce solution.
Leitores de feed	Bubo Reader	https://github.com/georgemandis/bubo-rss	MIT	Nodejs		Irrationally minimal RSS feed reader.
Leitores de feed	CommaFeed	https://www.commafeed.com/	Apache-2.0	Java/Docker		Google Reader inspired self-hosted RSS reader.
Leitores de feed	Feeds Fun	https://feeds.fun/	BSD-3-Clause	Python		News reader with tags, scoring, and AI.
Leitores de feed	FreshRSS	https://freshrss.org/	AGPL-3.0	PHP/Docker		Self-hostable RSS feed aggregator.
Leitores de feed	Fusion	https://github.com/0x2E/fusion	MIT	Go/Docker		Lightweight RSS aggregator and reader.
Leitores de feed	Goeland	https://github.com/slurdge/goeland	MIT	Go/Docker		Turns any RSS/Atom feed into a beautiful email digest.
Leitores de feed	JARR	https://1pxsolidblack.pl/jarr-en.html	AGPL-3.0	Docker/Python		JARR (Just Another RSS Reader) is a web-based news aggregator and reader (fork of Newspipe).
Leitores de feed	Kriss Feed	https://github.com/tontof/kriss_feed	CC0-1.0	PHP		Simple and smart (or stupid) feed reader.
Leitores de feed	Leed	https://github.com/LeedRSS/Leed	AGPL-3.0	PHP		Leed (for Light Feed) is a Free and minimalist RSS aggregator.
Leitores de feed	Miniflux	https://miniflux.app/	Apache-2.0	Go/deb/Docker		Minimalist news reader.
Leitores de feed	NewsBlur	https://www.newsblur.com/	MIT	Python		Personal news reader that brings people together to talk about the world. A new sound of an old instrument.
Leitores de feed	Newspipe	https://git.sr.ht/~cedric/newspipe	AGPL-3.0	Python		Web news reader.
Leitores de feed	reader	https://github.com/lemon24/reader	BSD-3-Clause	Python		Feed reader web app and library (so you can use it to build your own), with only standard library and pure-Python dependencies.
Leitores de feed	Readflow	https://readflow.app	AGPL-3.0	Go/Docker		Lightweight news reader with modern interface and features: full-text search, automatic categorization, archiving, offline support, notifications.
Leitores de feed	RSS-Bridge	https://github.com/RSS-Bridge/rss-bridge	Unlicense	PHP/Docker		Generate RSS/ATOM feeds for websites which don't have one.
Leitores de feed	RSS Monster	https://github.com/pietheinstrengholt/rssmonster	MIT	PHP		Easy to use web-based RSS aggregator and reader compatible with the Fever API (alternative to Google Reader).
Leitores de feed	RSS2EMail	https://github.com/rss2email/rss2email	GPL-2.0	Python/deb		Fetches RSS/Atom-feeds and pushes new content to any email-receiver, supports OPML.
Leitores de feed	RSSHub	https://docs.rsshub.app	MIT	Nodejs/Docker		Easy to use, and extensible RSS feed aggregator capable of generating RSS feeds from pretty much everything ranging from social media to university departments.
Leitores de feed	Selfoss	https://selfoss.aditu.de/	GPL-3.0	PHP		New multipurpose rss reader, live stream, mashup, aggregation web application.
Leitores de feed	Stringer	https://github.com/stringer-rss/stringer	MIT	Ruby		Work-in-progress self-hosted, anti-social RSS reader.
Leitores de feed	Tiny Tiny RSS	https://tt-rss.org	GPL-3.0	Docker/PHP		Web-based news feed (RSS/Atom) reader and aggregator.
Leitores de feed	TinyFeed	https://feed.lovergne.dev/	MIT	Go/Docker		Generate a static HTML page from a collection of feeds with a simple CLI.
Leitores de feed	Upvote RSS	https://www.upvote-rss.com/	MIT	Docker/PHP	sim	Generate rich RSS feeds from Reddit, Hacker News, Lemmy, Mbin, and more.
Leitores de feed	Yarr	https://github.com/nkanaev/yarr	MIT	Go		Yarr (yet another rss reader) is a web-based feed aggregator which can be used both as a desktop application and a personal self-hosted server.
Transferência e sincronização de arquivos	bewCloud	https://bewcloud.com	AGPL-3.0	Docker		File sharing + sync, notes, and photos (alternative to Nextcloud and ownCloud's RSS reader).
Transferência e sincronização de arquivos	Cloudreve	https://cloudreve.org/	GPL-3.0	Docker/Go		File management and sharing system, supports multiple storage providers.
Transferência e sincronização de arquivos	Git Annex	https://git-annex.branchable.com/	GPL-3.0	Haskell		File synchronization between computers, servers, external drives.
Transferência e sincronização de arquivos	Kinto	https://kinto.readthedocs.org	Apache-2.0	Python		Minimalist JSON storage service with synchronisation and sharing abilities.
Transferência e sincronização de arquivos	Nextcloud	https://nextcloud.com/	AGPL-3.0	PHP/deb		Access and share your files, calendars, contacts, mail and [more](https://apps.nextcloud.com/) from any device, on your terms.
Transferência e sincronização de arquivos	OpenCloud	https://docs.opencloud.eu/	Apache-2.0	Docker/Go/Nodejs		File Sharing and Collaboration Platform.
Transferência e sincronização de arquivos	OpenSSH SFTP server	https://www.openssh.com/	BSD-2-Clause	C/deb		Secure File Transfer Program.
Transferência e sincronização de arquivos	ownCloud	https://owncloud.org/	AGPL-3.0	PHP/Docker/deb		All-in-one solution for saving, synchronizing, viewing, editing and sharing files, calendars, address books and more.
Transferência e sincronização de arquivos	Peergos	https://peergos.org	AGPL-3.0	Java		Secure and private space online where you can store, share and view your photos, videos, music and documents. Also includes a calendar, news feed, task lists, chat and email client.
Transferência e sincronização de arquivos	Puter	https://puter.com/	AGPL-3.0	Nodejs/Docker		Web-based operating system designed to be feature-rich, exceptionally fast, and highly extensible.
Transferência e sincronização de arquivos	Pydio	https://pydio.com/	AGPL-3.0	Go		Turn any web server into a powerful file management system and an alternative to mainstream cloud storage providers.
Transferência e sincronização de arquivos	Samba	https://www.samba.org/	GPL-3.0	C		Samba is the standard Windows interoperability suite of programs for Linux and Unix. It provides secure, stable and fast file and print services for all clients using the SMB/CIFS protocol.
Transferência e sincronização de arquivos	Seafile	https://www.seafile.com/en/home/	GPL-2.0/GPL-3.0/AGPL-3.0/Apache-2.0	C		File hosting and sharing solution primary for teams and organizations.
Transferência e sincronização de arquivos	Sync-in	https://sync-in.com	AGPL-3.0	Nodejs/Docker		File storage, syncing, sharing, and collaboration with real-time editing, permission management, and desktop/CLI clients.
Transferência e sincronização de arquivos	Syncthing	https://syncthing.net/	MPL-2.0	Go/Docker/deb		Syncthing is an open source peer-to-peer file synchronisation tool.
Transferência e sincronização de arquivos	Unison	https://www.cis.upenn.edu/~bcpierce/unison/	GPL-3.0	deb/OCaml		Unison is a file-synchronization tool for OSX, Unix, and Windows.
Arquivos — armazenamento de objetos	GarageHQ	https://garagehq.deuxfleurs.fr/	AGPL-3.0	Docker/Rust		Geo-distributed, S3‑compatible storage service that can fulfill many needs.
Arquivos — armazenamento de objetos	Harbor	https://goharbor.io/	Apache-2.0	Docker/K8S		Cloud native image registry that stores, signs, and scans content.
Arquivos — armazenamento de objetos	SeaweedFS	https://github.com/seaweedfs/seaweedfs	Apache-2.0	Go		SeaweedFS is an open source distributed file system supporting WebDAV, S3 API, FUSE mount, HDFS, etc, optimized for lots of small files, and easy to add capacity.
Arquivos — armazenamento de objetos	Zenko CloudServer	https://www.zenko.io/cloudserver	Apache-2.0	Docker/Nodejs		Zenko CloudServer, an open-source implementation of a server handling the Amazon S3 protocol.
Arquivos — armazenamento de objetos	ZOT OCI Registry	https://zotregistry.dev	Apache-2.0	Go/Docker		A production-ready vendor-neutral OCI-native container image registry.
Arquivos — compartilhamento P2P	bittorrent-tracker	https://webtorrent.io/	MIT	Nodejs		Simple, robust, BitTorrent tracker (client and server) implementation.
Arquivos — compartilhamento P2P	Deluge	https://deluge-torrent.org/	GPL-3.0	Python/deb		Lightweight, cross-platform BitTorrent client.
Arquivos — compartilhamento P2P	PrivyDrop	https://www.privydrop.app	MIT	Docker/Nodejs		Simple and user-friendly, breakpoint-resumable peer-to-peer text, image, and file transfer tool based on WebRTC.
Arquivos — compartilhamento P2P	qBittorrent	https://www.qbittorrent.org/	GPL-2.0	C++		Free cross-platform bittorrent client with a feature rich Web UI for remote access.
Arquivos — compartilhamento P2P	slskd	https://github.com/slskd/slskd	AGPL-3.0	Docker/C#	sim	A modern client-server application for the Soulseek file sharing network.
Arquivos — compartilhamento P2P	Transmission	https://transmissionbt.com/	GPL-3.0	C++/deb		Fast, easy, free Bittorrent client.
Arquivos — compartilhamento P2P	Webtor	https://github.com/webtor-io/self-hosted	MIT	Docker		Web-based torrent client with instant audio/video streaming.
Arquivos — upload rápido	015	https://send.fudaoyuan.icu	AGPL-3.0	Docker		A temporary file sharing platform. Focused on providing one-time, temporary file and text upload, processing, and sharing services.
Arquivos — upload rápido	Chibisafe	https://chibisafe.app	MIT	Docker/Nodejs		File uploader service that aims to to be easy to use and set up. It accepts files, photos, documents, anything you imagine and gives you back a shareable link for you to send to others.
Arquivos — upload rápido	Digirecord	https://ladigitale.dev/digirecord/	AGPL-3.0	Nodejs/PHP		Record and share audio files (documentation in French).
Arquivos — upload rápido	elixire	https://gitlab.com/elixire/elixire	AGPL-3.0	Python		Simple yet advanced screenshot uploading and link shortening service.
Arquivos — upload rápido	Files Sharing	https://github.com/axeloz/filesharing	GPL-3.0	PHP/Docker		File sharing application based on unique and temporary links.
Arquivos — upload rápido	Flare	https://github.com/FlintSH/Flare	MIT	Docker/Nodejs		A nonbloated, modern, and highly configurable file/screenshot vault server with support for ShareX, Flameshot, and Spectacle. Offers OCR search and more.
Arquivos — upload rápido	Gokapi	https://github.com/Forceu/gokapi	GPL-3.0	Go/Docker		Lightweight server to share files, which expire after a set amount of downloads or days. Similar to the discontinued Firefox Send, with the difference that only the admin is allowed to upload files.
Arquivos — upload rápido	goploader	https://depado.github.io/goploader/	MIT	Go		Easy file sharing with server-side encryption, curl/httpie/wget compliant.
Arquivos — upload rápido	GoSƐ	https://codeberg.org/stv0g/gose	Apache-2.0	Go/Docker		Modern file-uploader focusing on scalability and simplicity. It only depends on a S3 storage backend and hence scales horizontally without the need for additional databases or caches.
Arquivos — upload rápido	Jirafeau	https://gitlab.com/jirafeau/Jirafeau	AGPL-3.0	PHP/Docker		One-click-fileshare project. Select your file, upload, and share a link. That's it.
Arquivos — upload rápido	OnionShare	https://github.com/onionshare/onionshare	GPL-3.0	Python/deb		Securely and anonymously share a file of any size.
Arquivos — upload rápido	PicoShare	https://github.com/mtlynch/picoshare	AGPL-3.0	Go/Docker		Minimalist, easy-to-host service for sharing images and other files.
Arquivos — upload rápido	Picsur	https://github.com/CaramelFur/Picsur	AGPL-3.0	Docker		Simple imaging hosting platform that allows you to easily host, edit, and share images.
Arquivos — upload rápido	PictShare	https://www.pictshare.net/	Apache-2.0	PHP/Docker		Multi lingual image hosting service with a simple resizing and upload API.
Arquivos — upload rápido	Pingvin Share X	https://github.com/smp46/pingvin-share-x	BSD-2-Clause	Docker/Nodejs		File sharing platform with support for logins, reverse shares, share expiry, S3 Buckets, advanced authentication, ClamAV for security scans and more (fork of Pingvin Share).
Arquivos — upload rápido	Plik	https://github.com/root-gg/plik	MIT	Go/Docker		Scalable and friendly temporary file upload system.
Arquivos — upload rápido	ProjectSend	https://www.projectsend.org/	GPL-2.0	PHP		Upload files and assign them to specific clients you create. Give access to those files to your clients.
Arquivos — upload rápido	PsiTransfer	https://github.com/psi-4ward/psitransfer	BSD-2-Clause	Nodejs		Simple file sharing solution with robust up-/download-resume and password protection.
Arquivos — upload rápido	QuickShare	https://ihexxa.github.io/quickshare.site/	LGPL-3.0	Docker/Go		Quick and simple file sharing between different devices.
Arquivos — upload rápido	Safebucket	https://docs.safebucket.io/	Apache-2.0	Go/Docker		File sharing platform with pluggable infrastructure, where uploads and downloads go directly between clients and S3-compatible storage.
Arquivos — upload rápido	sE2EEnd	https://github.com/sE2EEnd/sE2EEnd	AGPL-3.0	Docker		End-to-end encrypted file sharing with password protection, download limits, and auto-expiration, integrated with Keycloak for authentication.
Arquivos — upload rápido	Sharry	https://github.com/eikek/sharry	GPL-3.0	Scala/Java/deb/Docker		Share files easily over the internet between authenticated and anonymous users (both ways) with resumable up- and downloads.
Arquivos — upload rápido	Shifter	https://github.com/TobySuch/Shifter	MIT	Docker		A simple, self-hosted file-sharing web app, powered by Django.
Arquivos — upload rápido	Slink	https://docs.slinkapp.io/	AGPL-3.0	Docker		Image sharing platform designed to give users complete control over their media sharing experience.
Arquivos — upload rápido	snowshare	https://github.com/TuroYT/snowshare	CC0-1.0	Nodejs/Docker		File and link sharing platform with URL shortening, code snippet sharing, and file uploads, featuring customizable expiration, privacy settings, and QR codes.
Arquivos — upload rápido	transfer.sh	https://github.com/dutchcoders/transfer.sh	MIT	Go		Easy file sharing from the command line.
Arquivos — upload rápido	Uguu	https://github.com/nokonoko/uguu	MIT	PHP		Stores files and deletes after X amount of time.
Arquivos — upload rápido	XBackBone	https://xbackbone.app/	AGPL-3.0	PHP/Docker		A simple, fast and lightweight file manager with instant sharing tools integration, like ShareX (a free and open-source screenshot utility for Windows).
Arquivos — upload rápido	Zipline	https://github.com/diced/zipline	MIT	Docker/Nodejs		A lightweight, fast and reliable file sharing server that is commonly used with ShareX, offering a react-based Web UI and fast API.
Arquivos — gerenciadores web	Apaxy	https://oupala.github.io/apaxy/	GPL-3.0	Javascript		Theme built to enhance the experience of browsing web directories, using the mod_autoindex Apache module and some CSS to override the default style of a directory listing.
Arquivos — gerenciadores web	ClyoCloud	https://clyo.cloud/	AGPL-3.0	Nodejs		A personal, self-hosted cloud storage and media management application built for privacy, efficiency, and aesthetics.
Arquivos — gerenciadores web	copyparty	https://github.com/9001/copyparty	MIT	Python		Portable file server with accelerated resumable uploads, deduplication, WebDAV, FTP, zeroconf, media indexer, video thumbnails, audio transcoding, and write-only folders, in a single file with no mandatory dependencies.
Arquivos — gerenciadores web	Directory Lister	https://www.directorylister.com/	MIT	PHP/Docker		Simple PHP based directory lister that lists a directory and all its sub-directories and allows you to navigate there within.
Arquivos — gerenciadores web	filebrowser	https://filebrowser.org/	Apache-2.0	Go		Web File Browser with a Material Design web interface.
Arquivos — gerenciadores web	FileGator	https://filegator.io/	MIT	PHP/Docker		FileGator is a powerful multi-user file manager with a single page front-end.
Arquivos — gerenciadores web	FileRise	https://github.com/error311/FileRise	MIT	Docker/PHP		Web file manager with uploads, tagging, share links, gallery/table views, and an in-browser editor.
Arquivos — gerenciadores web	Filestash	https://www.filestash.app/	AGPL-3.0	Docker		Web file manager that lets you manage your data anywhere it is located: FTP, SFTP, WebDAV, Git, S3, Minio, Dropbox, or Google Drive.
Arquivos — gerenciadores web	IFM	https://github.com/misterunknown/ifm	MIT	PHP		Single script file manager.
Arquivos — gerenciadores web	mikochi	https://github.com/zer0tonin/Mikochi	MIT	Go/Docker/K8S		Browse remote folders, upload files, delete, rename, download and stream files to VLC/mpv.
Arquivos — gerenciadores web	miniserve	https://github.com/svenstaro/miniserve	MIT	Rust		CLI tool to serve files and dirs over HTTP.
Arquivos — gerenciadores web	ResourceSpace	https://www.resourcespace.com	BSD-4-Clause	PHP		Simple, fast, and free way to organise your digital assets.
Arquivos — gerenciadores web	slcl	https://codeberg.org/xavidcr/slcl	AGPL-3.0	C		Simple and lightweight web cloud storage.
Arquivos — gerenciadores web	Surfer	https://git.cloudron.io/cloudron/surfer	MIT	Nodejs		Simple static file server with webui to manage files.
Arquivos — gerenciadores web	TagSpaces	https://www.tagspaces.org/	AGPL-3.0	Nodejs		TagSpaces is an offline, cross-platform file manager and organiser that also can function as a note taking app. The WebDAV version of the application can be installed on top of a WebDAV servers such as Nextcloud or ownCloud.
Arquivos — gerenciadores web	Tiny File Manager	https://tinyfilemanager.github.io	GPL-3.0	PHP		Web based File Manager in PHP, simple, fast and small file manager with a single file.
Jogos	0 A.D.	https://play0ad.com/	MIT/GPL-2.0/Zlib	C++/C/deb		Cross-platform real-time strategy game of ancient warfare.
Jogos	A Dark Room	https://github.com/doublespeakgames/adarkroom	MPL-2.0	Javascript		Minimalist text adventure game for your browser.
Jogos	DDraceNetwork	https://ddnet.org/	Zlib	C++		Cooperative platformer version of DDRace, a Teeworlds modification featuring unique cooperative gameplay.
Jogos	Digibuzzer	https://digibuzzer.app/	AGPL-3.0	Nodejs		Create a virtual game room around a connected buzzer (documentation in French).
Jogos	Hypersomnia	https://github.com/TeamHypersomnia/Hypersomnia	AGPL-3.0	C++/Docker		Competitive top-down shooter blending Counter-Strike with Hotline Miami. Runs on Linux, Windows, MacOS and the Web.
Jogos	Lila	https://lichess.org/	AGPL-3.0	Scala		Ad-less chess server powering lichess.org, with official iOS and Android client apps.
Jogos	Luanti	https://www.luanti.org/	LGPL-2.1/MIT/Zlib	C++/Lua/deb		Voxel game engine (formerly Minetest). Play one of our many games, mod a game to your liking, make your own game, or play on a multiplayer server.
Jogos	Mindustry	https://mindustrygame.github.io/	GPL-3.0	Java		Factorio-like tower defense game. Build production chains to gather more resources, and build complex facilities.
Jogos	MTA:SA	https://multitheftauto.com/	GPL-3.0	C++	sim	Add network play functionality to Rockstar North's Grand Theft Auto game series, in which this functionality is not originally found.
Jogos	OpenTTD	https://www.openttd.org/	GPL-2.0	C++/Docker		Transport tycoon simulation game.
Jogos	piqueserver	https://github.com/piqueserver/piqueserver	GPL-3.0	Python/C++		Server for openspades, the first-person shooter in a destructible voxel world.
Jogos	Posio	https://github.com/abrenaut/posio	MIT	Python		Geography multiplayer game.
Jogos	Razzia	https://github.com/Ralex91/Razzia	MIT	Nodejs/Docker		Quiz game platform, designed for smaller self-hosted events (alternative to Kahoot!).
Jogos	Red Eclipse 2	https://www.redeclipse.net/	Zlib/MIT/CC-BY-SA-4.0	C/C++/deb		Arena first-person shooter similar to Unreal Tournament.
Jogos	Scribble.rs	https://github.com/scribble-rs/scribble.rs	BSD-3-Clause	Go/Docker		A web-based pictionary game.
Jogos	Suroi	https://suroi.io/	GPL-3.0	Nodejs		An open-source 2D battle royale game inspired by surviv.io.
Jogos	The Battle for Wesnoth	https://github.com/wesnoth/wesnoth	GPL-2.0	C++/deb		The Battle for Wesnoth is an Open Source, turn-based tactical strategy game with a high fantasy theme, featuring both singleplayer and online/hotseat multiplayer combat.
Jogos	Veloren	https://veloren.net/	GPL-3.0	Rust		Multiplayer RPG. Open-source game inspired by Cube World, Legend of Zelda, Dwarf Fortress and Minecraft.
Jogos	Zero-K	https://zero-k.info/	GPL-2.0	Lua		Open Source on Springrts engine. Zero-K is a traditional real time strategy game with a focus on player creativity through terrain manipulation, physics, and a large roster of unique units - all while being balanced to support competitive play.
Jogos — painéis e administração	auto-mcs	https://www.auto-mcs.com	AGPL-3.0	Python		Cross-platform Minecraft server manager.
Jogos — painéis e administração	Calagopus	https://calagopus.com	MIT	Rust/Docker/deb		Modern game server management panel. Deploy, monitor, and manage Minecraft, Hytale, and other game servers with industry-leading performance.
Jogos — painéis e administração	Crafty Controller	https://craftycontrol.com/	GPL-3.0	Docker/Python		Minecraft launcher and manager that allows users to start and administer Minecraft servers from a user-friendly interface.
Jogos — painéis e administração	Drop	https://droposs.org	AGPL-3.0	Docker		Game distribution platform, designed for distributing and sharing DRM-free games efficiently (alternative to Steam, GameVault).
Jogos — painéis e administração	EasyWI	https://easy-wi.com	GPL-3.0	PHP/Shell		Easy-Wi is a Web-interface that allows you to manage server daemons like gameservers. In addition it provides you with a CMS which includes a fully automated game- and voiceserver lending service.
Jogos — painéis e administração	GameAP	https://gameap.com/	MIT	Go/Docker		Game Administration Panel for managing game servers on Linux and Windows.
Jogos — painéis e administração	Gameyfin	https://gameyfin.org	AGPL-3.0	Docker		Video game library manager with automatic scanning, web access, downloads, and plugin support.
Jogos — painéis e administração	Gaseous Server	https://github.com/gaseous-project/gaseous-server	AGPL-3.0	Docker/.NET	sim	Game ROM manager with a built-in web-based emulator using multiple sources to identify and provide metadata.
Jogos — painéis e administração	Lancache	https://lancache.net	MIT	Docker/Shell	sim	LAN Party game caching made easy.
Jogos — painéis e administração	LinuxGSM	https://linuxgsm.com/	MIT	Shell		CLI tool for deployment and management of dedicated game servers on Linux: more than 120 games are supported.
Jogos — painéis e administração	Minus Games	https://accessory.github.io/minus_games_user_guide	MIT	Rust		Sync games and save files across multiple devices.
Jogos — painéis e administração	Ownfoil	https://github.com/a1ex4/ownfoil	AGPL-3.0	Docker/Python		Nintendo Switch library manager, with automated management tasks (file identification and organization, missing updates/DLC), serving your library to multiple supported clients on your Switch, with shop customization and multi user authentication.
Jogos — painéis e administração	Pelican Panel	https://pelican.dev/	AGPL-3.0	PHP/Docker		Web application for easy management of game servers, offering a user-friendly interface for deploying, configuring, and managing servers, server monitoring tools, and extensive customization options (fork of Pterodactyl).
Jogos — painéis e administração	Pterodactyl	https://pterodactyl.io/	MIT	PHP		Management panel for game servers, with an intuitive UI for end users.
Jogos — painéis e administração	PufferPanel	https://www.pufferpanel.com/	Apache-2.0	Go		Game server management panel designed for both small networks and game server providers.
Jogos — painéis e administração	Retrom	https://github.com/JMBeresford/retrom	GPL-3.0	Docker/Rust		Private cloud game library distribution server + frontend/launcher.
Jogos — painéis e administração	RomM	https://romm.app/	AGPL-3.0	Docker	sim	ROM manager for organizing, enriching, and playing retro games, with support for 400+ platforms.
Jogos — painéis e administração	SourceBans++	https://sbpp.github.io/	CC-BY-SA-4.0	PHP		Admin, ban, and communication management system for games running on the Source engine.
Jogos — painéis e administração	Sunshine	https://app.lizardbyte.dev/Sunshine/	GPL-3.0	C++/deb/Docker		Remote game stream host for Moonlight with support up to 120 frames per second and 4K resolution.
Genealogia	Genea.app	https://www.genea.app/	MIT	Javascript		Genealogy tool designed with privacy in mind that anyone can use to author or edit their family tree. Data is stored in the GEDCOM format and all processing is done in the browser.
Genealogia	Genealogy	https://genealogy.kreaweb.be/	MIT	PHP		Record family members and their relationships and build a family tree.
Genealogia	GeneWeb	https://github.com/geneweb/geneweb/wiki	GPL-2.0	OCaml		Genealogy software that can be used offline or as a Web service.
Genealogia	Gramps Web	https://www.grampsweb.org/	AGPL-3.0	Docker		Web app for collaborative genealogy, based on and interoperable with Gramps, the open source genealogy desktop application.
Genealogia	webtrees	https://www.webtrees.net	GPL-3.0	PHP		Webtrees is the web's leading online collaborative genealogy application.
IA generativa	Agenta	https://agenta.ai/	MIT	Docker		LLMOps platform for prompt management, LLM evaluation, and observability. Build, evaluate, and monitor production-grade LLM applications with collaborative prompt engineering.
IA generativa	AnythingLLM	https://anythingllm.com/	MIT	Nodejs/Docker		All-in-one desktop & Docker AI application with built-in RAG, AI agents, No-code agent builder, MCP compatibility, and more.
IA generativa	GoModel	https://gomodel.enterpilot.io/	MIT	Go/Docker		AI gateway written in Go with a unified OpenAI-compatible API for multiple LLM providers, USD cost tracking, budgets, usage analytics, guardrails, caching, and an admin dashboard.
IA generativa	Khoj	https://khoj.dev/	AGPL-3.0	Python/Docker		Your AI second brain. Get answers from the web or your docs. Build custom agents, schedule automations, do deep research. Turn any online or local LLM into your personal, autonomous AI.
IA generativa	LibreChat	https://www.librechat.ai	MIT	Nodejs/Docker	sim	Enhanced ChatGPT-compatible AI chat interface supporting multiple AI providers, with multi-user auth, message search, and plugin support.
IA generativa	LLM Harbor	https://github.com/av/harbor	Apache-2.0	Docker/Shell		Containerized LLM toolkit. Run LLM backends, APIs, frontends, and additional services via a concise CLI.
IA generativa	LLMKube	https://llmkube.com	Apache-2.0	Go/Docker/K8S		Kubernetes operator for self-hosted LLM inference with pluggable runtimes (llama.cpp, vLLM, TGI, Ollama, vllm-swift), multi-GPU sharding, NVIDIA CUDA + Apple Silicon Metal support, and OpenAI-compatible API.
IA generativa	Local Deep Research	https://github.com/LearningCircuit/local-deep-research	MIT	Docker/Python		AI-powered deep research tool with multi-source search (arXiv, PubMed, web), PDF text extraction, and encrypted local storage.
IA generativa	LocalAI	https://localai.io/	MIT	Docker/K8S		Run your AI models locally and generate images and audio (alternative to OpenAI and Claude).
IA generativa	Ollama	https://ollama.com/	MIT	Docker/Python		Get up and running with Llama 3.3, DeepSeek-R1, Phi-4, Gemma 3, and other large language models.
IA generativa	Onyx Community Edition	https://onyx.app	MIT	Docker/K8S		Chat UI that works with any LLM. It comes loaded with advanced features like agents, web search, RAG, MCP, deep research, Connectors to 40+ knowledge sources, and more.
IA generativa	Open-WebUI	https://openwebui.com	BSD-3-Clause	Docker/Python		User-friendly AI Interface, supports Ollama, OpenAI API.
IA generativa	Vane	https://github.com/ItzCrazyKns/Vane	MIT	Docker		AI-powered search engine (alternative to Perplexity AI).
Groupware	Citadel	https://www.citadel.org/	GPL-3.0	C/Docker/Shell		Groupware including email, calendar/scheduling, address books, forums, mailing lists, IM, wiki and blog engines, RSS aggregation and more.
Groupware	Colanode	https://colanode.com	Apache-2.0	K8S/Docker		Collaboration suite with real-time messaging, rich text pages, file management, and dynamic databases - built for offline work (alternative to Slack, Notion).
Groupware	Cozy Cloud	https://cozy.io/	GPL-3.0	Nodejs		Personal cloud where you can manage and sync your files, notes, contacts, passwords, and documents.
Groupware	Digipad	https://digipad.app/	AGPL-3.0	Nodejs		An online self-hosted application for creating collaborative digital notepads (Documentation in french).
Groupware	Digistorm	https://digistorm.app/	AGPL-3.0	Nodejs		Create collaborative surveys, quizzes, brainstorms, and word clouds (documentation in French).
Groupware	Digiwall	https://digiwall.app/	AGPL-3.0	Nodejs		Create multimedia collaborative walls for in-person or remote work (documentation in French).
Groupware	egroupware	https://www.egroupware.org/	GPL-2.0	PHP		Software suite including calendars, address books, notepad, project management tools, client relationship management tools (CRM), knowledge management tools, a wiki and a CMS.
Groupware	Group Office	https://www.group-office.com	AGPL-3.0	PHP		Enterprise CRM and groupware tool. Share projects, calendars, files and e-mail online with co-workers and clients.
Groupware	Openmeetings	https://openmeetings.apache.org/index.html	Apache-2.0	Java		Video conferencing, instant messaging, whiteboard, collaborative document editing and other groupware tools using API functions of the Red5 Streaming Server for Remoting and Streaming.
Groupware	SOGo	https://www.sogo.nu/	LGPL-2.1	Objective-C		SOGo offers multiple ways to access the calendaring and messaging data. CalDAV, CardDAV, GroupDAV, as well as ActiveSync, including native Outlook compatibility and Web interface.
Groupware	Tine	https://www.tine-groupware.de/	AGPL-3.0	Docker		Software for digital collaboration in companies and organizations. From powerful groupware functionalities to clever add-ons, tine combines everything to make daily team collaboration easier.
Groupware	Tracim	https://github.com/tracim/tracim	AGPL-3.0/LGPL-3.0/MIT	Python		Collaborative Platform for team collaboration: file,threads,notes,agenda,etc.
Groupware	Zimbra Collaboration	https://www.zimbra.com/	GPL-2.0/CPAL-1.0	Java		Email, calendar, collaboration server with Web interface and lots of integrations.
Saúde e exercício	Endurain	https://docs.endurain.com/	AGPL-3.0	Docker		Fitness tracking service designed to give users full control over their data and hosting environment.
Saúde e exercício	FitTrackee	https://docs.fittrackee.org/	AGPL-3.0	Python/Docker		Simple workout/activity tracker.
Saúde e exercício	Mere Medical	https://meremedical.co/	GPL-3.0	Docker/Nodejs	sim	Manage all of your medical records from Epic MyChart, Cerner, and OnPatient patient portals in one place. Privacy-focused, self-hosted, and offline-first.
Saúde e exercício	OpenELIS Global	https://openelis-global.org	MPL-2.0	Java/Docker		Laboratory information system (LIS/LIMS) for clinical, public health, environmental and vector surveillance labs. FHIR-native, with analyzer integration (ASTM/HL7), quality control and national-scale reporting.
Saúde e exercício	OpenEMR	https://www.open-emr.org/	GPL-3.0	PHP/Docker		Electronic health records and medical practice management solution.
Saúde e exercício	wger	https://wger.de/	AGPL-3.0	Python/Docker		Web-based personal workout, fitness and weight logger/tracker. It can also be used as a simple gym management utility and offers a full REST API as well.
Gestão de pessoas (RH)	admidio	https://www.admidio.org/	GPL-2.0	PHP/Docker		User management system for websites of organizations and groups. The system has a flexible role model so that it’s possible to reflect the structure and permissions of your organization.
Gestão de pessoas (RH)	Frappe HR	https://frappe.io/hr	GPL-3.0	Docker/Python/Nodejs		Complete HRMS solution with over 13 different modules right from employee management, onboarding, leaves, to payroll, taxation, and more.
Gestão de pessoas (RH)	MintHCM	https://minthcm.org/	AGPL-3.0	PHP		Tool for Human Capital Management based on two popular, well-known business applications SugarCRM Community Edition and SuiteCRM.
Internet das coisas (IoT)	Domoticz	https://www.domoticz.com/	GPL-3.0	C/C++/Docker/Shell		Home Automation System that lets you monitor and configure various devices like: Lights, Switches, various sensors/meters like Temperature, Rain, Wind, UV, Electra, Gas, Water and much more.
Internet das coisas (IoT)	EMQX	https://www.emqx.com/	Apache-2.0	Docker/Erlang		Scalable MQTT broker. Connect 100M+ IoT devices in one single cluster, move and process real-time IoT data with 1M msg/s throughput at 1ms latency.
Internet das coisas (IoT)	evcc	https://evcc.io/	MIT	deb/Docker/Go		Extensible Electric Vehicle Charge Controller and home energy management system.
Internet das coisas (IoT)	FHEM	https://fhem.de/fhem.html	GPL-3.0	Perl		Automate common tasks in the household like switching lamps and heating. It can also be used to log events like temperature or power consumption. You can control it via web or smartphone frontends, telnet or TCP/IP directly.
Internet das coisas (IoT)	FlowForge	https://flowforge.com/	Apache-2.0	Nodejs/Docker/K8S		Deploy Node-RED applications in a reliable, scalable and secure manner. The FlowForge platform provides DevOps capabilities for Node-RED development teams.
Internet das coisas (IoT)	FMD Server	https://fmd-foss.org	GPL-3.0	Docker/Go		A server to communicate with the FMD (Find My Device) Android app, to locate and control your devices.
Internet das coisas (IoT)	Gladys	https://gladysassistant.com/	Apache-2.0	Nodejs/Docker		Privacy-first home assistant.
Internet das coisas (IoT)	Home Assistant	https://home-assistant.io/	Apache-2.0	Python/Docker		Home automation platform.
Internet das coisas (IoT)	ioBroker	https://www.iobroker.net/	MIT	Nodejs		Integration platform for the Internet of Things, focused on building automation, smart metering, ambient assisted living, process automation, visualization and data logging.
Internet das coisas (IoT)	LHA	https://github.com/javalikescript/lha	MIT	Lua		Light Home Automation application that is fully extensible using Blockly, HTML or Lua. It includes extensions such as ConBee, Philips Hue or Z-Wave JS.
Internet das coisas (IoT)	Node RED	https://nodered.org/	Apache-2.0	Nodejs/Docker		Browser-based flow editor that helps you wiring hardware devices, APIs and online services to create IoT solutions.
Internet das coisas (IoT)	Onloc	https://onloc.app	AGPL-3.0	Docker		Track and share your location in real time. Control and lock stolen or lost phones.
Internet das coisas (IoT)	openHAB	https://www.openhab.org	EPL-2.0	Java		Vendor and technology agnostic open source software for home automation.
Internet das coisas (IoT)	OpenRemote	https://openremote.io	AGPL-3.0	Java		IoT Asset management, Flow Rules and WHEN-THEN rules, Data visualization, Edge Gateway.
Internet das coisas (IoT)	polluSensWeb	https://wespeakenglish.github.io/polluSensWeb/	MIT	Javascript		Web-based serial interface and charting tool for visualizing and logging data from UART pollution sensors (PM2.5, VOC, etc). Features live data acquisition, dynamic charts, CSV export, and webhook integration.
Internet das coisas (IoT)	SIP Irrigation Control	https://dan-in-ca.github.io/SIP/	GPL-3.0	Python		Open source software for sprinkler/irrigation control.
Internet das coisas (IoT)	SOLECTRUS	https://solectrus.de	AGPL-3.0	Docker		Photovoltaic dashboard that displays energy production and consumption with cost and savings calculations.
Internet das coisas (IoT)	Tasmota	https://tasmota.com	GPL-3.0	C/C++		Open source firmware for ESP devices. Total local control with quick setup and updates. Control using MQTT, Web UI, HTTP or serial. Automate using timers, rules or scripts. Integration with home automation solutions.
Internet das coisas (IoT)	Thingsboard	https://thingsboard.io/	Apache-2.0	Java/Docker/K8S		Open-source IoT Platform - Device management, data collection, processing and visualization.
Internet das coisas (IoT)	WebThings Gateway	https://webthings.io/gateway/	MPL-2.0	Nodejs		WebThings is an open source implementation of the Web of Things, including the WebThings Gateway and the WebThings Framework.
Controle de estoque	Cannery	https://cannery.app	AGPL-3.0	Docker		Firearm and ammunition tracker app.
Controle de estoque	DVinyl	https://github.com/Kyonew/DVinyl	MIT	Nodejs/Docker	sim	Modern collection manager for physical media (vinyls, CDs, cassettes, books, movies, and video games).
Controle de estoque	HomeBox (SysAdminsMedia)	https://homebox.software/	AGPL-3.0	Docker/Go		Inventory and organization system built for the home user.
Controle de estoque	Inventaire	https://inventaire.io/welcome	AGPL-3.0	Nodejs		Collaborative resources mapper project, while yet only focused on exploring books mapping with wikidata and ISBNs.
Controle de estoque	Inventree	https://docs.inventree.org/en/latest/	MIT	Python		Inventory management system which provides intuitive parts management and stock control.
Controle de estoque	Open QuarterMaster	https://openquartermaster.com/	GPL-3.0	deb/Docker		Powerful inventory management system, designed to be flexible and scalable.
Controle de estoque	Part-DB	https://docs.part-db.de/	AGPL-3.0	Docker/PHP/Nodejs		Inventory management system for your electronic components.
Controle de estoque	Shelf	https://www.shelf.nu	AGPL-3.0	Nodejs		Asset and equipment tracking software used by teams who value clarity. Shelf is an asset database and QR asset label generator that lets you create, manage and overview your assets across locations. Unlimited assets, free forever.
Controle de estoque	Spoolman	https://github.com/Donkie/Spoolman	MIT	Docker/Python		Keep track of your inventory of 3D-printer filament spools.
Gestão de conhecimento	AFFiNE Community Edition	https://affine.pro/	MIT/AGPL-3.0	Docker		Next-gen knowledge base that brings planning, sorting and creating all together. Privacy first, customizable and ready to use (alternative to Notion and Miro).
Gestão de conhecimento	Atomic Server	https://atomicserver.eu/	MIT	Docker/Rust		Knowledge graph database with documents (similar to Notion), tables, search, and a powerful linked data API. Lightweight, very fast and no runtime dependencies.
Gestão de conhecimento	Digimindmap	https://ladigitale.dev/digimindmap/#/	AGPL-3.0	Nodejs/PHP		Create simple mindmaps (documentation in French).
Gestão de conhecimento	LibreKB	https://librekb.com/	GPL-3.0	PHP		Web-based knowledge base solution. A simple web app, it runs on pretty much any web server or hosting provider with PHP and MySQL.
Gestão de conhecimento	memEx	https://codeberg.org/shibao/memEx	AGPL-3.0	Docker		Structured personal knowledge base, inspired by zettlekasten and org-mode.
Gestão de conhecimento	SiYuan	https://b3log.org/siyuan/	AGPL-3.0	Docker/Go		A privacy-first personal knowledge management software, written in typescript and golang.
Gestão de conhecimento	TeamMapper	https://github.com/b310-digital/teammapper	MIT	Docker/Nodejs		Host and create your own mindmaps. Share your mindmap sessions with your team and collaborate live on mindmaps.
Ensino e cursos	Canvas LMS	https://www.instructure.com/canvas/	AGPL-3.0	Ruby		Learning management system (LMS) that is revolutionizing the way we educate.
Ensino e cursos	Chamilo LMS	https://chamilo.org/	GPL-3.0	PHP		Create a virtual campus for the provision of online or semi-online training.
Ensino e cursos	Digiscreen	https://ladigitale.dev/digiscreen/	AGPL-3.0	Nodejs/PHP		Interactive whiteboard/wallpaper for the classroom, in person or remotely (documentation in French).
Ensino e cursos	Digitools	https://ladigitale.dev/digitools	AGPL-3.0	PHP		A set of simple tools to accompany the animation of courses in person or remotely. (documentation in French).
Ensino e cursos	edX	https://www.edx.org/	AGPL-3.0	Python		The Open edX platform is open-source code that powers edX.org.
Ensino e cursos	Gibbon	https://gibbonedu.org/	GPL-3.0	PHP		Flexible school management platform designed to make life better for teachers, students, parents and leaders.
Ensino e cursos	Helium	https://www.heliumedu.com	MIT	Python/Docker		Color-coded student planner for classes, homework, grades, and notes with smart notifications and multi-device sync.
Ensino e cursos	ILIAS	https://www.ilias.de	GPL-3.0	PHP		Learning management system that can cope with anything you throw at it.
Ensino e cursos	INGInious	https://inginious.org/?lang=en	AGPL-3.0	Python/Docker		Intelligent grader that allows secured and automated testing of code made by students.
Ensino e cursos	Moodle	https://moodle.org/	GPL-3.0	PHP		Learning and courses platform with one of the largest open source communities worldwide.
Ensino e cursos	Open eClass	https://www.openeclass.org/	GPL-2.0	PHP		Open eClass is an advanced e-learning solution that can enhance the teaching and learning process.
Ensino e cursos	OpenOLAT	https://www.openolat.com/?lang=en	Apache-2.0	Java		Learning management system for teaching, education, assessment and communication.
Ensino e cursos	QST	https://qstonline.org	GPL-2.0	Perl		Online assessment software. From a quick quiz on your phone to large scale, high stakes, proctored desktop testing, easy, secure and economical.
Ensino e cursos	RELATE	https://documen.tician.de/relate/	MIT	Python		Courseware package that includes features such as: flexible rules, statistics, multi-course support, class calendar.
Ensino e cursos	RosarioSIS	https://www.rosariosis.org/	GPL-2.0	PHP		Student Information System for school management. Features students demographics, grades, scheduling, attendance, student billing, discipline & food service modules.
Manufatura	CNCjs	https://cnc.js.org/	MIT	Nodejs		Web interface for CNC milling controllers running Grbl, Smoothieware, or TinyG.
Manufatura	Fluidd	https://docs.fluidd.xyz/	GPL-3.0	Docker/Nodejs		Lightweight & responsive user interface for Klipper, the 3D printer firmware.
Manufatura	LinuxCNC	https://www.linuxcnc.org/	GPL-2.0/LGPL-3.0	C/deb		Linux based CNC machine controller. It can drive milling machines, lathes, 3D printers, laser cutters, plasma cutters, robot arms, hexapods, and more.
Manufatura	Mainsail	https://docs.mainsail.xyz/	GPL-3.0	Docker/Python		Modern and responsive user interface for the Klipper 3D printer firmware. Control and monitor your printer from everywhere, from any device.
Manufatura	Manyfold	https://manyfold.app	MIT	Docker		Digital asset manager for 3d print files; STL, OBJ, 3MF and more.
Manufatura	Octoprint	https://octoprint.org/	AGPL-3.0	Docker/Python		Snappy web interface for controlling consumer 3D printers.
Mapas e GPS	AdventureLog	https://adventurelog.app	GPL-3.0	Docker		Travel tracker and trip planner.
Mapas e GPS	AirTrail	https://airtrail.johan.ohly.dk	GPL-3.0	Docker/Nodejs		Personal flight tracking system.
Mapas e GPS	Bicimon	https://github.com/knrdl/bicimon	MIT	Javascript		Bike Speedometer as Progressive Web App.
Mapas e GPS	Dawarich	https://dawarich.app/	AGPL-3.0	Docker		Visualize your location history, track your movements, and analyze your travel patterns with complete privacy and control (alternative to Google Timeline a.k.a. Google Location History).
Mapas e GPS	Geo2tz	https://github.com/noandrea/geo2tz	MIT	Go/Docker		Get the timezone from geo coordinates (lat, lon).
Mapas e GPS	GraphHopper	https://graphhopper.com/	Apache-2.0	Java		Fast routing library and server using OpenStreetMap.
Mapas e GPS	NextGIS Web	https://nextgis.com/nextgis-web/	GPL-3.0	Docker		Web GIS server for geospatial data management, web map publishing, and QGIS-centered collaborative workflows.
Mapas e GPS	Nominatim	https://nominatim.org/	GPL-2.0	C		Server application for geocoding (address -> coordinates) and reverse geocoding (coordinates -> address) on OpenStreetMap data.
Mapas e GPS	Open Source Routing Machine (OSRM)	http://project-osrm.org/	BSD-2-Clause	C++		High performance routing engine designed to run on OpenStreetMap data and offering an HTTP API, C++ library interface, and Nodejs wrapper.
Mapas e GPS	OpenRouteService	https://openrouteservice.org/	GPL-3.0	Docker/Java		Route service with directions, isochrones, time-distance matrix, route optimization, etc.
Mapas e GPS	OpenStreetMap	https://www.openstreetmap.org/	GPL-2.0	Ruby		Collaborative project to create a free editable map of the world.
Mapas e GPS	OpenTripPlanner	https://www.opentripplanner.org/	LGPL-3.0	Java/Javascript		Multimodal trip planning software based on OpenStreetMap data and consuming published GTFS-formatted data to suggest routes using local public transit systems.
Mapas e GPS	OwnTracks Recorder	https://github.com/owntracks/recorder	GPL-2.0	C/Lua/deb/Docker	sim	Store and access data published by [OwnTracks](https://owntracks.org/) location tracking apps.
Mapas e GPS	TileServer GL	https://tileserver.readthedocs.io/	BSD-2-Clause	Nodejs/Docker		Vector and raster maps with GL styles. Server side rendering by Mapbox GL Native. Map tile server for Mapbox GL JS, Android, iOS, Leaflet, OpenLayers, GIS via WMTS, etc.
Mapas e GPS	Traccar	https://www.traccar.org/	Apache-2.0	Java		Java application to track GPS positions. Supports loads of tracking devices and protocols, has an Android and iOS App. Has a web interface to view your trips.
Mapas e GPS	TRIP	https://itskovacs-trip.netlify.app/	MIT	Docker		Minimalist POI Map tracker and Trip planner.
Mapas e GPS	wanderer	https://github.com/open-wanderer/wanderer	AGPL-3.0	Docker/Go/Nodejs		Trail database where you can upload your recorded tracks or create new ones and add various metadata to build an easily searchable catalogue.
Gestão de mídia	ChannelTube	https://github.com/TheWicklowWolf/ChannelTube	AGPL-3.0	Docker	sim	Download video or audio from YouTube channels on a schedule via yt-dlp.
Gestão de mídia	Deleterr	https://github.com/rfsbraz/deleterr	MIT	Docker		Automated media cleanup tool that removes watched and stale content from Plex, Sonarr, and Radarr based on configurable rules.
Gestão de mídia	Downtify	https://downtify.henriquesebastiao.com	GPL-3.0	Docker	sim	Download Spotify music with album art and metadata.
Gestão de mídia	Lidarr	https://lidarr.audio/	GPL-3.0	C#/Docker		Music collection manager for Usenet and BitTorrent users.
Gestão de mídia	LidaTube	https://github.com/TheWicklowWolf/LidaTube	GPL-3.0	Docker	sim	Finding and fetch missing Lidarr albums via yt-dlp.
Gestão de mídia	Lidify	https://github.com/TheWicklowWolf/Lidify	MIT	Docker	sim	Music discovery tool that provides recommendations based on selected Lidarr artists, using Spotify or LastFM.
Gestão de mídia	Lingarr	https://lingarr.com	AGPL-3.0	Docker		Automatically translate subtitle files in your Radarr and Sonarr media libraries, using LibreTranslate, local AI models, or SaaS translation services.
Gestão de mídia	Medusa	https://github.com/pymedusa/Medusa	GPL-3.0	Python		Automatic Video library manager for TV Shows. It watches for new episodes of your favorite shows, and when they are posted it does its magic.
Gestão de mídia	MeTube	https://github.com/alexta69/metube	AGPL-3.0	Python/Nodejs/Docker		Web GUI for youtube-dl, with playlist support. Allows downloading videos from dozens of websites.
Gestão de mídia	MKVPriority	https://github.com/kennethsible/mkvpriority	MIT	Python/Docker		Selects preferred audio and subtitle tracks using configurable priority scores and sets the appropriate default and forced flags.
Gestão de mídia	MyTube	https://github.com/franklioxygen/MyTube	MIT	Nodejs/Docker	sim	Downloader and player for yt-dlp-supported sites with channel subscriptions, cloud upload support, and local library organization.
Gestão de mídia	nefarious	https://lardbit.github.io/nefarious/	GPL-3.0	Python		Automate downloading Movies and TV Shows.
Gestão de mídia	Ombi	https://ombi.io/	GPL-2.0	C#/deb		Content request system for Plex/Emby, connects to SickRage, CouchPotato, Sonarr, with a growing feature set.
Gestão de mídia	Pinchflat	https://github.com/kieraneglin/pinchflat	AGPL-3.0	Docker	sim	Download YouTube content built using yt-dlp.
Gestão de mídia	PodFetch	https://samtv12345.github.io/PodFetch	Apache-2.0	Docker/Rust		Sleek and efficient podcast downloader.
Gestão de mídia	Radarr	https://radarr.video/	GPL-3.0	C#/Docker		Automatically download movies via Usenet and BitTorrent (fork of Sonarr).
Gestão de mídia	Ratelog	https://ratelog.org	AGPL-3.0	Docker		Movie tracker and rating app (alternative to Letterboxd).
Gestão de mídia	Reaparr	https://www.reaparr.rocks/	GPL-3.0	Docker	sim	Cross-platform Plex media downloader that seamlessly adds media from other Plex servers to your own.
Gestão de mídia	Seerr	https://github.com/seerr-team/seerr	MIT	Docker/Nodejs		Manage requests for your media library, supports Plex, Jellyfin and Emby media servers (fork of Overseerr).
Gestão de mídia	Sonarr	https://sonarr.tv/	GPL-3.0	C#/Docker		Automatic TV Shows downloader and manager for Usenet and BitTorrent. It can grab, sort and rename new episodes and automatically upgrade the quality of files already downloaded when a better quality format becomes available.
Gestão de mídia	TrackWatch	https://trackwatch.emlopezr.com	MIT	Docker	sim	Automated music release tracker for Spotify with email notifications, discography generator, and ghost track cleaner (alternative to Release Radar).
Gestão de mídia	tubesync	https://github.com/meeb/tubesync	AGPL-3.0	Docker/Python	sim	Syncs YouTube channels and playlists to a locally hosted media server.
Gestão de mídia	Watcharr	https://github.com/sbondCo/Watcharr	MIT	Docker		Add and track all the shows and movies you are watching. Comes with user authentication, modern and clean UI and a very simple setup.
Gestão de mídia	ydl_api_ng	https://github.com/Totonyus/ydl_api_ng	GPL-3.0	Python		Simple youtube-dl REST API to launch downloads on a distant server.
Gestão de mídia	Youtarr	https://github.com/DialmasterOrg/Youtarr	ISC	Docker	sim	Download videos from YouTube channels on a schedule via yt-dlp, with a web UI to browse and selectively download videos. Integrates with Plex Media Server and generates NFO metadata for Jellyfin, Kodi, and Emby.
Gestão de mídia	youtube-dl-nas	https://hyeonsangjeon.github.io/youtube-dl-nas/	MIT	Python/Docker	sim	Authenticated yt-dlp download queue for video, audio and subtitles, with history, mobile sharing and NAS file management (fork of youtube-dl-server).
Gestão de mídia	YoutubeDL-Server	https://github.com/nbr23/youtube-dl-server	MIT	Python/Docker		Web and REST interface to Youtube-DL for downloading videos onto a server.
Gestão de mídia	yt-dlp Web UI	https://github.com/marcopiovanello/yt-dlp-web-ui	MPL-2.0	Docker/Go/Nodejs		Web GUI for yt-dlp.
Streaming — áudio	Ampache	https://ampache.org/	AGPL-3.0	PHP		Web based audio/video streaming application.
Streaming — áudio	Audiobookshelf	https://www.audiobookshelf.org/	GPL-3.0	Docker/deb/Nodejs		Audiobook and podcast server. It streams all audio formats, keeps and syncs progress across devices. Comes with open-source apps for Android and iOS.
Streaming — áudio	Audioserve	https://github.com/izderadicka/audioserve	MIT	Rust		Simple personal server to serve audio files from directories (audiobooks, music, podcasts...). Focused on simplicity and supports sync of play position between clients.
Streaming — áudio	AzuraCast	https://www.azuracast.com/	Apache-2.0	Docker		Modern and accessible web radio management suite.
Streaming — áudio	Beets	https://beets.io/	MIT	Python/deb		Music library manager and MusicBrainz tagger (command-line and Web interface).
Streaming — áudio	Black Candy	https://github.com/blackcandy-org/blackcandy	MIT	Docker/Ruby		Music streaming server.
Streaming — áudio	BotWave	https://botwave.dpip.lol	GPL-3.0	Python		FM broadcasting system with server-client architecture for managing multiple Raspberry Pi transmitters remotely.
Streaming — áudio	Funkwhale	https://dev.funkwhale.audio/funkwhale	BSD-3-Clause	Python		Modern, web-based, convivial, multi-user and free music server.
Streaming — áudio	gonic	https://github.com/sentriz/gonic	GPL-3.0	Go/Docker		Lightweight music streaming server. Subsonic compatible.
Streaming — áudio	koel	https://koel.dev/	MIT	PHP		Personal music streaming server that works.
Streaming — áudio	LibreTime	https://libretime.org	AGPL-3.0	Docker/PHP		Broadcast streaming radio on the web (fork of [Airtime](https://github.com/sourcefabric/Airtime)).
Streaming — áudio	LMS	https://github.com/epoupon/lms	GPL-3.0	Docker/deb/C++		Access your self-hosted music using a web interface.
Streaming — áudio	Lyrion Music Server	https://lyrion.org/	GPL-2.0	deb/Docker/Perl		Server software which controls a wide range of Squeezebox/Slim Devices audio players and compatible hardware (formerly Logitech Media Server).
Streaming — áudio	moOde Audio	https://moodeaudio.org/	GPL-3.0	PHP		Audiophile-quality music playback for the wonderful Raspberry Pi family of single board computers.
Streaming — áudio	Mopidy	https://docs.mopidy.com/	Apache-2.0	Python/deb	sim	Extensible music server. Offers a superset of the mpd API, as well as integration with 3rd party services like Spotify, SoundCloud etc.
Streaming — áudio	mpd	https://www.musicpd.org/	GPL-2.0	C++		Daemon to remotely play music, stream music, handle and organize playlists. Many clients available.
Streaming — áudio	mStream	https://mstream.io/	GPL-3.0	Nodejs		Music streaming server with GUI management tools. Runs on Mac, Windows, and Linux.
Streaming — áudio	multi-scrobbler	https://foxxmd.github.io/multi-scrobbler	MIT	Nodejs/Docker		Scrobble plays from multiple sources to multiple scrobbling services.
Streaming — áudio	musikcube	https://github.com/clangen/musikcube	BSD-3-Clause	C++/deb		Streaming audio server with Linux/macOS/Windows/Android clients.
Streaming — áudio	Navidrome Music Server	https://www.navidrome.org	GPL-3.0	Docker/Go		Modern Music Server and Streamer, compatible with Subsonic/Airsonic.
Streaming — áudio	Pinepods	https://www.pinepods.online/	GPL-3.0	Docker		Podcast management system with multi-user support. Pinepods utilizes a central database so aspects like listen time and themes follow from device to device.
Streaming — áudio	Polaris	https://github.com/agersant/polaris	MIT	Rust/Docker		Music browsing and streaming application optimized for large music collections, ease of use and high performance.
Streaming — áudio	Snapcast	https://github.com/snapcast/snapcast	GPL-3.0	C++/deb		Synchronous multiroom audio server.
Streaming — áudio	Stretto	https://github.com/benkaiser/stretto	MIT	Nodejs	sim	Music player with Youtube/Soundcloud import and iTunes/Spotify discovery.
Streaming — áudio	Supysonic	https://github.com/spl0k/supysonic	AGPL-3.0	Python/deb		Python implementation of the Subsonic server API.
Streaming — áudio	SwingMusic	https://swingmusic.vercel.app/	MIT	Python/Docker		Swing Music is a beautiful, self-hosted music player and streaming server for your local audio files. Like a cooler Spotify ... but bring your own music.
Streaming — áudio	vod2pod-rss	https://github.com/madiele/vod2pod-rss	MIT	Docker	sim	Convert YouTube and Twitch channels to podcasts, no storage required. Transcodes VoDs to MP3 192k on the fly, generates an RSS feed to use in podcast clients.
Streaming — multimídia	ClipBucket	https://clipbucket.fr/	AAL	Docker/PHP		Start your own video sharing website (YouTube/Netflix Clone) in a matter of minutes.
Streaming — multimídia	cmyflix	https://github.com/farfalleflickan/cmyflix	AGPL-3.0	C/deb		Minimalist Plex/Jellyfin alternative to stream video.
Streaming — multimídia	Gerbera	https://gerbera.io/	GPL-2.0	Docker/deb/C++		UPnP Media Server, which allows you to stream your digital media throughout your home network and listen to/watch it on a variety of UPnP compatible devices.
Streaming — multimídia	Icecast 2	https://icecast.org	GPL-2.0	C		Streaming audio/video server which can be used to create an Internet radio station or a privately running jukebox and many things in between.
Streaming — multimídia	Jellyfin	https://jellyfin.org	GPL-2.0	C#/deb/Docker		Media server for audio, video, books, comics, and photos with a sleek interface and robust transcoding capabilities. Almost all modern platforms have clients, including Roku, Android TV, iOS, and Kodi.
Streaming — multimídia	Karaoke Eternal	https://www.karaoke-eternal.com	ISC	Docker/Nodejs		Host awesome karaoke parties where everyone can easily find and queue songs from their phone's browser. The player is also fully browser-based with support for MP3+G, MP4 and WebGL visualizations.
Streaming — multimídia	Kodi	https://kodi.tv/	GPL-2.0	C++/deb		Multimedia/Entertainment center, formerly known as XBMC. Runs on Android, BSD, Linux, macOS, iOS and Windows.
Streaming — multimídia	Kyoo	https://github.com/zoriya/kyoo	GPL-3.0	Docker		Innovative media browser designed for seamless streaming of anime, series and movies, offering advanced features like dynamic transcoding, auto watch history and intelligent metadata retrieval.
Streaming — multimídia	MediaMTX	https://mediamtx.org	MIT	Go/Docker		Ready-to-use, zero-dependency real-time media server and proxy to publish, read, record, playback and route video/audio streams over SRT, WebRTC, RTSP, RTMP, HLS, MPEG-TS, RTP.
Streaming — multimídia	Meelo	https://github.com/Arthi-chaud/Meelo	GPL-3.0	Docker		Personal Music Server, designed for collectors and music maniacs.
Streaming — multimídia	MistServer	https://mistserver.org/	Unlicense	C++		Public domain streaming media server that works with any device and any format.
Streaming — multimídia	NymphCast	http://nyanko.ws/nymphcast.php	BSD-3-Clause	C++		Turn your choice of Linux-capable hardware into an audio and video source for a television or powered speakers (alternative to Chromecast).
Streaming — multimídia	Rygel	https://gnome.pages.gitlab.gnome.org/rygel/	LGPL-2.1	C		UPnP AV MediaServer that allows you to easily share audio, video, and pictures. Media player software may use Rygel to become a MediaRenderer that may be controlled remotely by a UPnP or DLNA Controller.
Streaming — multimídia	Stash	https://stashapp.cc	AGPL-3.0	Docker/Go		A web-based library organizer and player for your adult media stash, with auto-tagging and metadata scraping support.
Streaming — multimídia	µStreamer	https://github.com/pikvm/ustreamer	GPL-3.0	C/deb		Lightweight and very quick server to stream MJPEG video from any V4L2 device to the net.
Streaming — multimídia	üWave	https://u-wave.net/	MIT	Nodejs	sim	Self-hosted collaborative listening platform. Users take turns playing media—songs, talks, gameplay videos, or anything else—from a variety of media sources like YouTube and SoundCloud.
Streaming — vídeo	CyTube	https://github.com/calzoneman/sync	MIT	Nodejs		Synchronize media, chat, and more for an arbitrary number of channels.
Streaming — vídeo	Invidious	https://github.com/iv-org/invidious	AGPL-3.0	Docker/Crystal	sim	Alternative YouTube front-end.
Streaming — vídeo	MediaCMS	https://mediacms.io	AGPL-3.0	Python/Docker		Modern, fully featured open source video and media CMS, written in Python/Django/React, featuring a REST API.
Streaming — vídeo	OvenMediaEngine	https://github.com/OvenMediaLabs/OvenMediaEngine	AGPL-3.0	C++/Docker		Streaming Server with Sub-Second Latency.
Streaming — vídeo	Owncast	https://owncast.online/	MIT	Go		Decentralized single-user live video streaming and chat server for running your own live streams similar in style to the large mainstream options.
Streaming — vídeo	PeerTube	https://joinpeertube.org/en/	AGPL-3.0	Nodejs		Decentralized video streaming platform using P2P (BitTorrent) directly in the web browser.
Streaming — vídeo	Rapidbay	https://github.com/hauxir/rapidbay/	MIT	Python/Docker		Videostreaming service/torrent client that allows searching and playing videos from torrents in the browser or from a Chromecast/AppleTV/Smart TV.
Streaming — vídeo	Restreamer	https://datarhei.github.io/restreamer/	Apache-2.0	Nodejs/Docker		Access H.264 real-time video streaming on your website without a streaming provider.
Streaming — vídeo	SRS	https://ossrs.io/	MIT	Docker/C++		A simple, high efficiency and real-time video server, supports RTMP, WebRTC, HLS, HTTP-FLV and SRT.
Streaming — vídeo	SyncTube	https://github.com/RblSb/SyncTube	MIT	Nodejs/Haxe		Lightweight and very simple to setup CyTube alternative to watch videos with friends and chat.
Streaming — vídeo	Tiramisu	https://github.com/MrRobotoGit/tiramisu	GPL-2.0	Go/Docker		BitTorrent engine with a FUSE virtual filesystem that streams torrents live to Plex/Jellyfin without downloading (alternative to Real-Debrid).
Streaming — vídeo	Tube Archivist	https://tubearchivist.com/	GPL-3.0	Docker	sim	Organize, search, and enjoy your YouTube collection. Subscribe, download, and track viewed content with metadata indexing and a user-friendly interface.
Streaming — vídeo	Tube	https://git.mills.io/prologic/tube	MIT	Go		Youtube-like (_without censorship and features you don't need!_) video sharing app written in Go which also supports automatic transcoding to MP4 H.265 AAC, multiple collections and RSS feed.
Streaming — vídeo	VideoLAN Client (VLC)	https://www.videolan.org/	GPL-2.0	C/deb		Cross-platform multimedia player client and server supporting most multimedia files as well as DVDs, Audio CDs, VCDs, and various streaming protocols.
Diversos	2FAuth	https://github.com/Bubka/2FAuth	AGPL-3.0	PHP/Docker		Manage your Two-Factor Authentication (2FA) accounts and generate their security codes.
Diversos	Anchr	https://anchr.io	GPL-3.0	Nodejs		Toolbox for tiny tasks on the internet, including bookmark collections, URL shortening and (encrypted) image uploads.
Diversos	Anubis	https://anubis.techaro.lol/	MIT	Docker/deb/Go		Web AI firewall utility which protects upstream resources from scraper bots.
Diversos	asciinema	https://asciinema.org/	Apache-2.0	Elixir/Docker		Web app for hosting asciicasts.
Diversos	Baby Buddy	https://github.com/babybuddy/babybuddy	BSD-2-Clause	Python		Helps caregivers track baby sleep, feedings, diaper changes, and tummy time.
Diversos	ClipCascade	https://github.com/Sathvik-Rao/ClipCascade	GPL-3.0	Java/Docker		Syncs your clipboard across multiple devices instantly, without any button press. Available on Windows, macOS, Linux, and Android, it provides seamless and secure clipboard sharing with end-to-end data encryption.
Diversos	Cloudlog	https://magicbug.co.uk/cloudlog/	MIT	PHP/Docker		Log your amateur radio contacts anywhere.
Diversos	ConvertX	https://github.com/C4illin/ConvertX	AGPL-3.0	Docker		Online file converter which supports over a thousand different formats.
Diversos	CUPS	https://www.cups.org/	GPL-2.0	C		The Common Unix Print System uses Internet Printing Protocol (IPP) to support printing to local and network printers.
Diversos	CyberChef	https://github.com/gchq/CyberChef	Apache-2.0	Javascript		Perform all manner of operations within a web browser such as AES, DES and Blowfish encryption and decryption, creating hexdumps, calculating hashes, and much more.
Diversos	Digiboard	https://digiboard.app/	AGPL-3.0	Nodejs		Create collaborative whiteboards (documentation in French).
Diversos	Digicard	https://codeberg.org/ladigitale/digicard	AGPL-3.0	Nodejs		Create simple graphic compositions (documentation in French).
Diversos	Digicut	https://ladigitale.dev/digicut/	AGPL-3.0	Nodejs		Cut audio and video files using FFMPEG.wasm (documentation in French).
Diversos	Digiface	https://ladigitale.dev/digiface/	AGPL-3.0	Nodejs		Create avatars using the Avataaars library (documentation in French).
Diversos	Digiflashcards	https://ladigitale.dev/digiflashcards/	AGPL-3.0	Nodejs/PHP		An online application to create flashcards (documentation in French).
Diversos	Digimerge	https://ladigitale.dev/digimerge/	AGPL-3.0	Nodejs		Assemble audio and video files directly in your browser (documentation in French).
Diversos	Digiquiz	https://ladigitale.dev/digiquiz/	AGPL-3.0	Nodejs		An online application to publish content created with H5P (documentation in French).
Diversos	Digiread	https://ladigitale.dev/digiread/	AGPL-3.0	Nodejs/PHP	sim	Clean up online pages and articles using Mozilla's Readability (documentation in French).
Diversos	Digisteps	https://ladigitale.dev/digisteps/	AGPL-3.0	Nodejs/PHP		A simple application for creating online educational paths (documentation in French).
Diversos	Digitranscode	https://ladigitale.dev/digitranscode	AGPL-3.0	Nodejs		Convert audio files and videos directly in the browser (documentation in French).
Diversos	Digiview	https://ladigitale.dev/digiview/	AGPL-3.0	Nodejs/PHP	sim	View YouTube videos in a distraction-free interface (documentation in French).
Diversos	Digiwords	https://ladigitale.dev/digiwords/	AGPL-3.0	Nodejs/PHP		A simple online application for creating word clouds (documentation in French).
Diversos	DOCAT	https://github.com/docat-org/docat	MIT	Python/Docker		Host your docs. Simple. Versioned. Fancy.
Diversos	Domain Locker	https://domain-locker.com	MIT	Deno/Docker		Domain name portfolio management and tracker.
Diversos	DOMJudge	https://www.domjudge.org/	GPL-2.0/BSD-3-Clause/MIT	PHP		System for running a programming contest, like the ICPC regional and world championship programming contests.
Diversos	ESMira	https://esmira.kl.ac.at	AGPL-3.0	PHP		Run longitudinal studies (ESM, AA, EMA) with data collection and communication with participants being completely anonymous.
Diversos	F-Droid	https://f-droid.org	AGPL-3.0	Python/Docker/deb		Server tools for maintaining an F-Droid repository system.
Diversos	Flyimg	https://flyimg.io	MIT	Docker		Resize and crop images on the fly. Get optimised images with MozJPEG, WebP or PNG using ImageMagick, with an efficient caching system.
Diversos	Garlic-Hub	https://garlic-signage.com/garlic-hub/	AGPL-3.0	Docker		Digital signage device and content management system with SMIL playlist support and scheduling.
Diversos	Geeftlist	https://codeberg.org/nanawel/geeftlist	GPL-3.0	Docker		Collaborative platform for managing, sharing and reserving gifts between friends and family.
Diversos	google-webfonts-helper	https://github.com/majodev/google-webfonts-helper	MIT	Nodejs	sim	Hassle-Free Way to Self-Host Google Fonts. Get eot, ttf, svg, woff and woff2 files + CSS snippets.
Diversos	Habitica	https://habitica.com/	GPL-3.0/CC-BY-SA-3.0	Nodejs/Docker		Habit tracker app which treats your goals like a Role Playing Game.
Diversos	HortusFox	https://hortusfox.github.io	MIT	PHP/Docker		Collaborative plant management and tracking system for plant enthusiasts.
Diversos	ImgCompress	https://imgcompress.karimzouine.com	GPL-3.0	Docker		Image processing tool that runs entirely in Docker. Compress, convert, resize, batch-process images, and remove backgrounds using local AI without cloud dependencies.
Diversos	Infisical Community Edition	https://infisical.com/	MIT	Docker/K8S/deb		Platform for secrets, certificates, and privileged access management.
Diversos	iSponsorBlockTV	https://github.com/dmunozv04/iSponsorBlockTV	GPL-3.0	Docker/Python	sim	Block and skip sponsors, while also muting and skipping ads on YouTube.
Diversos	IT-Tools by sharevb	https://github.com/sharevb/it-tools	GPL-3.0	Docker		Collection of handy online tools for developers (fork of [it-tools](https://github.com/CorentinTh/it-tools)).
Diversos	Jelu	https://bayang.github.io/jelu-web	MIT	Java/Docker		Read and to-read list book tracker.
Diversos	jetlog	https://github.com/pbogre/jetlog	GPL-2.0	Docker		Personal flight tracker and viewer.
Diversos	Kasm Workspaces	https://kasmweb.com/	GPL-3.0	Docker		Streaming containerized apps and desktops to end-users. Examples include Ubuntu in your browser, or simply single apps such as Chrome, OpenOffice, Gimp, Filezilla etc.
Diversos	Koillection	https://koillection.github.io/	MIT	Docker/PHP		Koillection is a service allowing users to manage any kind of collections.
Diversos	LanguageTool	https://languagetool.org/	LGPL-2.1	Java/Docker		Proofread more than 20 languages. It finds many errors that a simple spell checker cannot detect.
Diversos	Libre Translate	https://libretranslate.com/	AGPL-3.0	Docker/Python		Machine Translation API.
Diversos	LubeLogger	https://lubelogger.com	MIT	Docker/K8S/C#		Web-based vehicle maintenance and fuel mileage tracker.
Diversos	Mirumoji	https://svdc1.github.io/mirumoji/docs	MIT	Docker/Python		Japanese immersion toolkit providing clickable, tokenized subtitles with dictionary lookups and transcription generation.
Diversos	mosparo	https://mosparo.io/	MIT	PHP		The modern spam protection tool. It replaces other captcha methods with a simple and easy to use spam protection solution.
Diversos	Movary	https://github.com/leepeuker/movary	MIT	Docker/PHP	sim	Web app to track and rate your watched movies.
Diversos	Neko	https://neko.m1k1o.net	Apache-2.0	Docker/Go		Virtual browser that runs in docker and uses WebRTC.
Diversos	OmniTools	https://omnitools.app/	MIT	Docker		Collection of powerful web-based tools for everyday tasks (coding, manipulating images/videos, PDFs or crunching numbers...).
Diversos	Open-Meteo	https://open-meteo.com/	AGPL-3.0	Docker		Weather API with open-data forecasts, historical and climate data from all major national weather services.
Diversos	OpenReader	https://openreader.richardr.dev/	MIT	Docker		EPUB, PDF, DOCX, MD, and TXT file text to speech document reader. Read documents in realtime with high-quality TTS; or extract audiobooks.
Diversos	OpenZiti	https://openziti.io/	Apache-2.0	Go		Fully-featured, zero trust, full mesh overlay network. Includes a 2FA support out of the box, clients for all major desktop/mobile OS'es.
Diversos	Operational.co	https://operational.co	AGPL-3.0	Nodejs/Docker		Receive alerts in a live timeline from your product.
Diversos	penpot	https://penpot.app/	MPL-2.0	Docker		Web-based design and prototyping platform meant for cross-domain teams.
Diversos	POMjs	https://password.oppetmoln.se/	GPL-2.0	Javascript		Random password generator.
Diversos	Pønskelisten	https://github.com/aunefyren/poenskelisten	GPL-3.0	Docker/Go		Sharing wishlists and collaborating on gifts and presents.
Diversos	re:Director	https://re-director.github.io/	Apache-2.0	Java/Docker		Simple domain redirection management tool.
Diversos	Reactive Resume	https://rxresu.me/	MIT	Docker/Nodejs		One-of-a-kind resume builder that keeps your privacy in mind. Completely secure, customizable, portable, open-source and free forever.
Diversos	revealjs	https://revealjs.com	MIT	Javascript		Framework for easily creating beautiful presentations using HTML.
Diversos	Revive Adserver	https://www.revive-adserver.com/	GPL-2.0	PHP		Ad serving system. Formerly known as OpenX Adserver and phpAdsNew.
Diversos	SANE Network Scanning	http://sane-project.org/	GPL-2.0	C		Allow remote clients to access image acquisition devices (scanners) available on the local host.
Diversos	string.is	https://string.is/	AGPL-3.0	Nodejs		An open-source, privacy-friendly online string toolkit for developers.
Diversos	Teleport	https://goteleport.com/	Apache-2.0	Go/Docker/K8S		Certificate authority and access plane for SSH, Kubernetes, web applications, and databases.
Diversos	TeslaMate	https://github.com/teslamate-org/teslamate	MIT	Elixir/Docker		A powerful data logger for Tesla vehicles.
Diversos	Transmute	https://transmute.sh	MIT	Docker		File converter for images, video, audio, json, excel and more. Supports over 2,000 conversions!.
Diversos	URL-to-PNG	https://github.com/jasonraimondi/url-to-png	MIT	Nodejs/Docker		URL to PNG utility featuring parallel rendering using Playwright for screenshots and with storage caching via Local, S3, or CouchDB.
Diversos	Usertour	https://www.usertour.io/	AGPL-3.0	Docker		User onboarding platform allowing you to create in-app product tours, checklists, and surveys in minutes effortlessly.
Diversos	Warracker	https://warracker.com	AGPL-3.0	Docker		Warranty tracker that lets you monitor expiry dates, upload receipts/files, and get alerts before warranties expire.
Diversos	Wavelog	https://www.wavelog.org	MIT	PHP/Docker		Webbased Logging Software for Radio Amateurs. Enhanced QSO logging, statistics and maps for your browser.
Diversos	WeeWX	https://weewx.com/	GPL-3.0	Python/deb		Open source software for your weather station.
Diversos	WeTTY	https://butlerx.github.io/wetty/#/	MIT	Docker/Nodejs		Terminal in browser over http/https.
Diversos	Wishlist	https://github.com/cmintey/wishlist	MIT	Docker/K8S		Wishlist application that you can share with your friends and family.
Diversos	Yamtrack	https://github.com/FuzzyGrim/Yamtrack	AGPL-3.0	Docker/Python	sim	Media tracker for movies, tv shows, anime, manga, video games and books.
Diversos	Zero-TOTP	https://zero-totp.com	GPL-3.0	Docker		Complete, reliable, secure and zero-trust webapp based on zero-knowledge encryption to store your TOTP codes.
Finanças pessoais e orçamento	Actual	https://actualbudget.org	MIT	Nodejs/Docker		Local-first personal finance tool based on zero-sum budgeting, supporting synchronization across devices, custom rules, manual transaction importing (from QIF, OFX, and QFX files), and optional automatic synchronization with many banks.
Finanças pessoais e orçamento	Bigcapital	https://bigcapital.app/	AGPL-3.0	Docker		Financial accounting and inventory management software for small to medium businesses.
Finanças pessoais e orçamento	Bitcart	https://bitcart.ai	MIT	Docker/Python/Nodejs		Cryptocurrencies payment processor and development platform.
Finanças pessoais e orçamento	BTCPay Server	https://btcpayserver.org/	MIT	C#		Bitcoin and other cryptocurrencies payment processor.
Finanças pessoais e orçamento	Budget Board	https://budgetboard.net/	GPL-3.0	Docker		Simple app for tracking monthly spending and working towards financial goals.
Finanças pessoais e orçamento	DePay	https://depay.com	MIT	Nodejs		Accept Web3 Payments directly into your wallet. Peer-to-peer, free, self-hosted & open-source.
Finanças pessoais e orçamento	Econumo	https://econumo.com	MIT	Docker		Budgeting application for managing personal and family finances, supporting multiple currencies, joint accounts, and budgets.
Finanças pessoais e orçamento	ExpenseOwl	https://github.com/tanq16/expenseowl	MIT	Go/Docker/K8S		Extremely simple expense tracker with a beautiful UI.
Finanças pessoais e orçamento	ezbookkeeping	https://ezbookkeeping.mayswind.net/	MIT	Go/Docker		A lightweight personal bookkeeping app hosted by yourself.
Finanças pessoais e orçamento	Family Accounting Tool	https://github.com/nymanjens/facto	Apache-2.0	Scala		Web-based finance management tool for partners with partially shared expenses.
Finanças pessoais e orçamento	Fava	https://beancount.github.io/fava/	MIT	Python		Web frontend of Beancount, a text based double-entry accounting system.
Finanças pessoais e orçamento	Firefly III	https://firefly-iii.org/	AGPL-3.0	PHP/Docker		Firefly III is a modern financial manager. It helps you to keep track of your money and make budget forecasts. It supports credit cards, has an advanced rule engine and can import data from many banks.
Finanças pessoais e orçamento	FOSSBilling	https://fossbilling.org/	Apache-2.0	PHP/Docker		Hosting and billing automation. Integrates with WHM, CWP, cPanel and HestiaCP. Full API and easily extensible.
Finanças pessoais e orçamento	Galette	https://galette.eu/	GPL-3.0	PHP		Membership management web application aimed towards non profit organizations.
Finanças pessoais e orçamento	Ghostfolio	https://ghostfol.io/	AGPL-3.0	Docker/Nodejs		Wealth management software to keep track of stocks, ETFs and cryptocurrencies.
Finanças pessoais e orçamento	GRR	https://grr.devome.com/?lang=en	GPL-2.0	PHP		Assets management and booking for small/medium companies.
Finanças pessoais e orçamento	HyperSwitch	https://hyperswitch.io/	Apache-2.0	Docker/Rust	sim	Payment switch to make payments fast, reliable and affordable. Connect with multiple payment processors and route traffic effortlessly, all with a single API integration.
Finanças pessoais e orçamento	IHateMoney	https://ihatemoney.org/	BSD-3-Clause	Docker/Python		Manage your shared expenses, easily.
Finanças pessoais e orçamento	InvoicePlane	https://www.invoiceplane.com/	MIT	PHP		Manage quotes, invoices, payments and customers for your small business.
Finanças pessoais e orçamento	InvoiceShelf	https://invoiceshelf.com/	AGPL-3.0	PHP/Docker		Track expenses, payments & create professional invoices & estimates (fork of Crater).
Finanças pessoais e orçamento	Kill Bill	https://killbill.io/	Apache-2.0	Java/Docker		Subscription billing & payments platform. Have access to real-time analytics and financial reports.
Finanças pessoais e orçamento	Kresus	https://kresus.org/	AGPL-3.0	Nodejs/Docker		Personal finance manager.
Finanças pessoais e orçamento	Lago	https://www.getlago.com/	AGPL-3.0	Docker		Metering and usage-based billing.
Finanças pessoais e orçamento	Mybucks.online	https://mybucks.online	MIT	Nodejs		Secure, browser-based, password-only self-custodial cryptocurrency wallet.
Finanças pessoais e orçamento	MyFin Budget	https://myfinbudget.com	GPL-3.0	Nodejs/Docker		Personal finances platform (web + REST API + Android) that'll help you budget, keep track of your income/spending and forecast your financial future.
Finanças pessoais e orçamento	OctoBot	https://www.octobot.cloud/	GPL-3.0	Python/Docker		Cryptocurrency trading bot.
Finanças pessoais e orçamento	Ocular	https://simonwep.github.io/ocular/	MIT	Docker		Simplistic and straightforward budgeting app to track your budget across months and years.
Finanças pessoais e orçamento	OpenBudgeteer	https://github.com/TheAxelander/OpenBudgeteer	AGPL-3.0	Docker/C#		Budgeting app based on the Bucket Budgeting Principle.
Finanças pessoais e orçamento	Receipt Wrangler	https://receiptwrangler.io	AGPL-3.0	Docker	sim	Easy-to-use receipt manager, powered by AI. Allows users to create receipts effortlessly and quickly, categorize and more.
Finanças pessoais e orçamento	REI3	https://rei3.de/home_en/	MIT	Go		Manage tasks, time, assets and much more within your business.
Finanças pessoais e orçamento	SHKeeper	https://shkeeper.io/	GPL-3.0	Python		Cryptocurrency payment processor with the unique combination of gateway and merchant allowing you to accept payments in multiple cryptocurrencies without fees and intermediaries.
Finanças pessoais e orçamento	SolidInvoice	https://solidinvoice.co	MIT	PHP		Open source invoicing and quote application.
Finanças pessoais e orçamento	Sure	https://github.com/we-promise/sure	AGPL-3.0	Docker		Personal finance application for everyone (fork of Maybe).
Finanças pessoais e orçamento	VoucherVault	https://github.com/l4rm4nd/VoucherVault	GPL-3.0	Docker		Store and manage vouchers, coupons, loyalty and gift cards digitally. Supports expiry notifications, transaction histories, file uploads and OIDC SSO.
Finanças pessoais e orçamento	Wallos	https://wallosapp.com	GPL-3.0	PHP/Docker		Lightweight personal subscription tracker with statistics and optional notifications.
Finanças pessoais e orçamento	WYGIWYH	https://github.com/eitchtee/WYGIWYH	AGPL-3.0	Docker/Python		Simple and powerful finance tracker.
Finanças pessoais e orçamento	YAFFA	https://www.yaffa.cc	MIT	PHP		Personal finance web application, that can be used to keep track of your money, expenses, budgets, and investments. It also helps with long-term financial planning.
Utilitários de rede	beelzebub	https://beelzebub-honeypot.com/	MIT	Docker/K8S/Go	sim	Honeypot framework designed to provide a highly secure environment for detecting and analyzing cyber attacks.
Utilitários de rede	Canary Tokens	https://canarytokens.org	BSD-3-Clause	Docker/Python		Generates lightweight, embedded honeypot triggers called canary tokens for detecting unauthorized access.
Utilitários de rede	MyIP	https://ipcheck.ing	MIT	Nodejs/Docker	sim	All in one IP Toolbox. Easy to check what's your IPs, IP geolocation, check for DNS leaks, examine WebRTC connections, speed test, ping test, MTR test, check website availability and more.
Utilitários de rede	MySpeed	https://myspeed.dev/	MIT	Docker/Nodejs		Speed test analysis software that shows your internet speed for up to 30 days.
Utilitários de rede	NetAlertX	https://netalertx.com/	GPL-3.0	Docker		Network intruder and presence detector. Scans for devices connected to your network and alerts you if new and unknown devices are found.
Utilitários de rede	PlugNPiN	https://deepspace2.github.io/PlugNPiN	GPL-3.0	Docker		Automatically scrapes containers with specific labels and creates local DNS/CNAME entries in Pi-Hole/AdGuard Home and proxy hosts in Nginx Proxy Manager.
Utilitários de rede	Speed Test by OpenSpeedTest™	https://openspeedtest.com/	MIT	Docker		Free & Open-Source HTML5 Network Performance Estimation Tool.
Utilitários de rede	Speedtest Tracker	https://docs.speedtest-tracker.dev/	MIT	Docker/K8S		Monitor the performance and uptime of your internet connection.
Utilitários de rede	Upsnap	https://github.com/seriousm4x/UpSnap	MIT	Go/Docker		A simple Wake on LAN (WOL) dashboard app. Wake up devices on your network and see current status.
Utilitários de rede	Wakupator	https://github.com/Gibus21250/Wakupator	MIT	C		Wake On LAN Machine Manager based on network traffic.
Utilitários de rede	WatchYourLAN	https://github.com/aceberg/WatchYourLAN	MIT	Docker/Go/deb		Lightweight network IP scanner with notifications, history, export to Grafana.
Utilitários de rede	whois	https://github.com/KincaidYang/whois	MIT	Go/Docker		WHOIS/RDAP query API for domains, IP addresses, CIDR prefixes and ASNs, with unified JSON output, caching, API key authentication, batch queries and MCP support for AI assistants.
Notas e editores	Blinko	https://blinko.space/	AGPL-3.0	Docker		A personal note tool with AI features.
Notas e editores	DailyTxT	https://github.com/PhiTux/DailyTxT	MIT	Docker		Encrypted diary Web application to save your personal memories of each day. Includes a search function and encrypted file upload.
Notas e editores	Docs	https://docs.numerique.gouv.fr/	MIT	K8S		Collaborative note taking, wiki and documentation platform that scales.
Notas e editores	draw.io	https://draw.io	Apache-2.0	Javascript/Docker		Diagram software for making flowcharts, process diagrams, org charts, UML, ER and network diagrams.
Notas e editores	flatnotes	https://github.com/dullage/flatnotes	MIT	Docker		Database-less note-taking web app that utilises a flat folder of markdown files for storage.
Notas e editores	HedgeDoc	https://hedgedoc.org/	AGPL-3.0	Docker/Nodejs		Realtime collaborative markdown notes on all platforms, formerly known as CodiMD and HackMD CE.
Notas e editores	Joplin	https://joplinapp.org/	MIT	Nodejs		Note taking application with markdown editor and encryption support for mobile and desktop platforms. Runs client-side and syncs through a self hosted Nextcloud instance or similar (alternative to Evernote).
Notas e editores	Jotty	https://jotty.page	AGPL-3.0	Docker		Lightweight but powerful alternative for managing your personal, file based, notes and checklists.
Notas e editores	Livebook	https://livebook.dev	Apache-2.0	Elixir/Docker		Realtime collaborative notebook app based on Markdown that supports running Elixir code snippets, TeX and Mermaid Diagrams. Easily deployed using Docker or Elixir.
Notas e editores	Many Notes	https://github.com/brufdev/many-notes	MIT	Docker		Markdown note-taking web application designed for simplicity.
Notas e editores	Memos	https://usememos.com/	MIT	Docker/Go		Knowledge base that works with a SQLite db file.
Notas e editores	Note Mark	https://notemark.docs.enchantedcode.co.uk/	AGPL-3.0	Docker		Minimal web-based Markdown notes app.
Notas e editores	Overleaf	https://www.overleaf.com/	AGPL-3.0	Ruby		Web-based collaborative LaTeX editor.
Notas e editores	Plainpad	https://alextselegidis.com/get/plainpad/	GPL-3.0	PHP		Modern note taking application for the cloud, utilizing the best features of progressive web apps technology.
Notas e editores	plumio	https://plumio.app/	AGPL-3.0	Nodejs/Docker		Markdown notes taking app with live preview, document encryption, multi-user support, multi-organization capabilities and more.
Notas e editores	SilverBullet	https://silverbullet.md/	MIT	Docker/Deno		Note-taking application optimized for people with a hacker mindset.
Notas e editores	Standard Notes	https://docs.standardnotes.com/self-hosting/getting-started	GPL-3.0	Ruby		Simple and private notes app. Protect your privacy while getting more done. That's Standard Notes.
Notas e editores	TriliumNext Notes	https://github.com/TriliumNext/Trilium	AGPL-3.0	Nodejs/Docker/K8S		Cross-platform hierarchical note taking application with focus on building large personal knowledge bases (fork of Trilium Notes).
Notas e editores	Turtl	https://turtl.it/	GPL-3.0	CommonLisp		Totally private personal database and note taking app.
Notas e editores	Writing	https://josephernest.github.io/writing/	MIT	Javascript		Lightweight distraction-free text editor, in the browser (Markdown and LaTeX supported). No lag when writing.
Suítes de escritório	Collabora Online Development Edition	https://www.collaboraoffice.com/code	MPL-2.0	C++		Collabora Online Development Edition (CODE) is a powerful LibreOffice-based online office that supports all major document, spreadsheet and presentation file formats, which you can integrate in your own infrastructure.
Suítes de escritório	CryptPad	https://cryptpad.org	AGPL-3.0	Nodejs/Docker		Collaboration suite built to enable collaboration, synchronizing changes to documents in real time.
Suítes de escritório	Digislides	https://ladigitale.dev/digislides/	AGPL-3.0	Nodejs/PHP		Create multimedia presentations in a quick and easy way. (documentation in French).
Suítes de escritório	Etherpad	https://etherpad.org/	Apache-2.0	Nodejs/Docker		Highly customizable online editor providing collaborative editing in real-time.
Suítes de escritório	Grist	https://getgrist.com/	Apache-2.0	Nodejs/Python/Docker		Next-generation spreadsheet with relational structure, formula-based access control, and a portable, self-contained format (alternative to Airtable).
Suítes de escritório	ONLYOFFICE	https://helpcenter.onlyoffice.com/faq/server-opensource.aspx	AGPL-3.0	Nodejs/Docker		Office suite that enables you to manage documents, projects, team and customer relations in one place.
Gerenciadores de senha	AliasVault	https://www.aliasvault.net	MIT	Docker		End-to-end encrypted password manager with a built-in email alias generator and server.
Gerenciadores de senha	Bitwarden	https://bitwarden.com/	AGPL-3.0	Docker/C#	sim	Password manager with a webapp, browser extension, and mobile app.
Gerenciadores de senha	Passbolt	https://www.passbolt.com/	AGPL-3.0	PHP/deb/K8S/Docker		Collaborative password manager.
Gerenciadores de senha	PassIt	https://passit.io/	AGPL-3.0	Docker/Python		Simple password manage with sharing features by group and user, but no administration interface.
Gerenciadores de senha	Psono	https://psono.com/	Apache-2.0	Python		Password manager for companies.
Gerenciadores de senha	Teampass	https://teampass.net/	GPL-3.0	PHP		Password manager dedicated for managing passwords in a collaborative way. One symmetric key is used to encrypt all shared/team passwords and stored server side in a file and the database. works on any server Apache, MySQL and PHP.
Gerenciadores de senha	Vaultwarden	https://github.com/dani-garcia/vaultwarden	GPL-3.0	Rust/Docker		Lightweight Bitwarden server API implementation written in Rust.
Pastebins	1time	https://1time.io	MIT	Docker		Zero-knowledge one-time secret sharing. Create a one-time link for a password, API key, or file. Encrypted client-side in the browser, never reaches the server in plaintext, self-destructs after the allowed number of views (one by default).
Pastebins	BinPastes	https://github.com/querwurzel/BinPastes	Apache-2.0	Java		Minimal pastebin supporting client-side encryption, fulltext search, one-time messages. Intended for one to few users looking for a simple pastebin deployment.
Pastebins	ByteStash	https://github.com/jordan-dalby/ByteStash	GPL-3.0	Docker		Pastebin and file storage service with a simple web interface. Supports syntax highlighting, optional user authentication and public sharing.
Pastebins	Chiyogami	https://github.com/rhee876527/chiyogami	BSD-3-Clause	Docker		Pastebin with API, client-side encryption, user accounts, syntax highlighting, markdown rendering, and more.
Pastebins	dpaste	https://dpaste.org/	MIT	Docker/Python		Simple pastebin with multiple text and code option, with short url result easy to remember.
Pastebins	Hemmelig	https://hemmelig.app	MIT	Docker/Nodejs		Share encrypted secrets cross organizations, or as private persons.
Pastebins	lesma	https://lesma.eu	GPL-3.0	Rust/Docker		Simple paste app friendly with browser and command line.
Pastebins	Local Content Share	https://github.com/Tanq16/local-content-share	MIT	Docker/Go		Store and share text snippets and files within your local network.
Pastebins	not-th.re	https://not-th.re	AGPL-3.0	Nodejs/Docker		Simple paste sharing platform, with client side encryption, featuring the monaco browser-based code editor.
Pastebins	Opengist	https://opengist.io	AGPL-3.0	Docker/Go/Nodejs		Pastebin powered by Git.
Pastebins	paaster	https://paaster.io	AGPL-3.0	Docker		End-to-end encrypted pastebin built with the objective of simplicity.
Pastebins	pacebin	https://git.crueter.xyz/crueter/pacebin	AGPL-3.0	C		Super-minimal pastebin and file upload service focusing on small executable size, portability, and ease of configuration.
Pastebins	Password Pusher	https://pwpush.com	Apache-2.0	Docker/K8S/Ruby		Dead-simple application to securely communicate passwords (or text) over the web. Passwords automatically expire after a certain number of views and/or time has passed.
Pastebins	Pastefy	https://pastefy.app/	MIT	Docker/K8S/Java		Beautiful, simple and easy to deploy Pastebin with optional client encryption, multitab pastes, an API, a highlighted editor and more.
Pastebins	PrivateBin	https://privatebin.info/	Zlib	PHP		Minimalist pastebin/discussion board where the server has zero knowledge of hosted data.
Pastebins	rustypaste	https://github.com/orhun/rustypaste	MIT	Rust		Minimal file upload/pastebin service.
Pastebins	Snipo	https://github.com/MohamedElashri/snipo	AGPL-3.0	Go/Docker		Lightweight, self‑hosted snippet manager for saving and organizing code and text snippets with folders, tags, API, and GitHub Gist sync.
Pastebins	SnyPy	https://snypy.com	MIT	Docker		Open source on-prem code snippet manager.
Pastebins	Sup3rS3cretMes5age	https://github.com/algolia/sup3rS3cretMes5age	MIT	Go		Very simple (to deploy and to use) secret message service using Hashicorp Vault as a secrets storage.
Pastebins	Wastebin	https://github.com/matze/wastebin	MIT	Rust/Docker		Lightweight, minimal and fast pastebin with an SQLite backend.
Pastebins	Yopass	https://github.com/jhaals/yopass	Apache-2.0	Go/Docker		Secure sharing of secrets, passwords and files.
Painéis pessoais	Dashy	https://dashy.to/	MIT	Nodejs/Docker		Feature-rich homepage for your homelab, with easy YAML configuration.
Painéis pessoais	Glance	https://github.com/glanceapp/glance	AGPL-3.0	Docker/Go		Highly customizable dashboard that puts all your feeds in one place.
Painéis pessoais	gobookmarks	https://github.com/arran4/gobookmarks	AGPL-3.0	Go/Docker		Landing page to display bookmarks stored in GitHub, GitLab or local Git.
Painéis pessoais	Heimdall	https://heimdall.site/	MIT	PHP		Elegant solution to organise all your web applications.
Painéis pessoais	Homarr	https://homarr.dev	MIT	Docker/Nodejs		Sleek, modern dashboard with many integrations and web-based config.
Painéis pessoais	Homepage by gethomepage	https://github.com/gethomepage/homepage	GPL-3.0	Docker/Nodejs		Highly customizable homepage (or startpage / application dashboard) with Docker and service API integrations.
Painéis pessoais	Homepage by tomershvueli	https://github.com/tomershvueli/homepage	MIT	PHP		Simple, standalone, self-hosted PHP page that is your window to your server and the web.
Painéis pessoais	Homer	https://github.com/bastienwirtz/homer	Apache-2.0	Docker/K8S/Nodejs		Dead simple static homepage to expose your server services, with an easy yaml configuration and connectivity check.
Painéis pessoais	Hubleys	https://github.com/knrdl/hubleys-dashboard	MIT	Docker		Personal dashboards to organize links for multiple users via a central yaml config.
Painéis pessoais	LinkStack	https://linkstack.org/	AGPL-3.0	PHP/Docker		Link all your social media platforms easily accessible on one page, customizable through an intuitive, easy to use user/admin interface (alternative to Linktree and Manylink).
Painéis pessoais	LittleLink	https://littlelink.io/	MIT	Javascript		Simplistic approach for links in bio with 100+ branded buttons (alternative to Linktree).
Painéis pessoais	Mafl	https://mafl.hywax.space/	MIT	Docker/Nodejs		Minimalistic flexible homepage.
Painéis pessoais	Nimbus	https://nimbus.turboot.com/	AGPL-3.0	Docker		Modern drag-and-drop homelab dashboard with visual editor and simple configuration.
Painéis pessoais	Personal Management System	https://volmarg.github.io/	MIT	Docker		Organize the essentials of everyday life, everything from a simple to-do list, and notes up to payments, and schedules.
Painéis pessoais	portkey	https://portkey.page	AGPL-3.0	Go/Docker		Simple web portal that serves as a startup page, displaying a compilation of links and URLs, while also allowing the addition of custom pages, all managed through a single configuration file.
Painéis pessoais	ryot	https://github.com/ignisda/ryot	GPL-3.0	Docker		Track various facets of your life - media, fitness, etc.
Painéis pessoais	Starbase 80	https://github.com/notclickable-jordan/starbase-80	MIT	Docker		A simple homepage with an iPad-style application grid, for mobile and desktop. One JSON configuration file.
Painéis pessoais	Your Spotify	https://github.com/Yooooomi/your_spotify	MIT	Nodejs/Docker	sim	Allows you to record your Spotify listening activity and have statistics about them served through a Web application.
Galerias de fotos	Chevereto	https://chevereto.com/	AGPL-3.0	PHP/Docker		Ultimate image sharing software. Create your very own personal image hosting website in just minutes.
Galerias de fotos	ChronoFrame	https://chronoframe.bh8.ga/	MIT	Nodejs/Docker		Personal gallery application with online photo management, supporting Live/Motion Photos, and explore map.
Galerias de fotos	Damselfly	https://damselfly.info	GPL-3.0	Docker/C#/.NET		Fast server-based photo management system for large collections of images. Includes face detection, face & object recognition, powerful search, and EXIF Keyword tagging. Runs on Linux, MacOS and Windows.
Galerias de fotos	Ente	https://ente.com/	AGPL-3.0	Docker/Nodejs/Go		An end-to-end encrypted photo-sharing platform (alternative to Google Photos, Apple Photos).
Galerias de fotos	HomeGallery	https://home-gallery.org	MIT	Nodejs/Docker		Browse personal photos and videos featuring tagging, mobile-friendly, and AI powered image discovery.
Galerias de fotos	Immich Kiosk	https://github.com/damongolding/immich-kiosk	GPL-3.0	Docker/Go		Lightweight slideshow for running on kiosk devices and browsers that uses Immich as a data source.
Galerias de fotos	Immich	https://immich.app/	AGPL-3.0	Docker		Photo and video backup solution directly from your mobile phone (alternative to Google Photos).
Galerias de fotos	LibrePhotos	https://github.com/LibrePhotos/librephotos	MIT	Python/Docker		Photo management service with a slight focus on cool graphs (alternative to Google Photos).
Galerias de fotos	Lychee	https://lycheeorg.github.io/	MIT	PHP/Docker		Grid and album based photo-management-system.
Galerias de fotos	Mediagoblin	https://mediagoblin.org	AGPL-3.0	Python		Media publishing platform that anyone can run (alternative to Flickr, YouTube, SoundCloud).
Galerias de fotos	Memtly	https://docs.memtly.com/	GPL-3.0	C#/Docker		Event photo sharing platform and gallery with slideshow that allows guests to view and share memories via a QR code.
Galerias de fotos	Nextcloud Memories	https://memories.gallery/	AGPL-3.0	PHP		Fast, modern and advanced photo management suite. Runs as a Nextcloud app.
Galerias de fotos	Photofield	https://github.com/SmilyOrg/photofield	MIT	Docker/Go		Experimental fast photo viewer.
Galerias de fotos	PhotoPrism	https://photoprism.org	AGPL-3.0	Go/Docker		Personal photo management powered by Go and Google TensorFlow.  Browse, organize, and share your personal photo collection, using the latest technologies to automatically tag and find pictures.
Galerias de fotos	Photoview	https://photoview.github.io/	GPL-3.0	Go/Docker		Simple and user-friendly photo gallery for personal servers. It is made for photographers and aims to provide an easy and fast way to navigate directories, with thousands of high resolution photos.
Galerias de fotos	PiGallery 2	https://bpatrik.github.io/pigallery2/	MIT	Docker/Nodejs		Directory-first photo gallery website, with a rich UI, optimised for running on low resource servers.
Galerias de fotos	Piwigo	https://piwigo.org/	GPL-2.0	PHP		Photo gallery software for the web, built by an active community of users and developers.
Galerias de fotos	SPIS	https://github.com/gbbirkisson/spis	GPL-3.0	Docker/Rust		A simple, lightweight and fast media server with decent mobile support.
Galerias de fotos	This week in past	https://github.com/RouHim/this-week-in-past	MIT	Docker/Rust		Aggregates images taken this week, from previous years and presents them on a web page with a simple slideshow.
Galerias de fotos	Thumbor	http://thumbor.org/	MIT	Python/Docker		A smart imaging service and enables on-demand cropping, resizing, applying filters and optimizing images.
Galerias de fotos	Zenphoto	https://www.zenphoto.org/	GPL-2.0	PHP		Open-source gallery and CMS project.
Enquetes e eventos	Bitpoll	https://github.com/fsinfuhh/Bitpoll	GPL-3.0	Docker/Python		Conduct polls about dates, times or general questions.
Enquetes e eventos	Bracket	https://docs.bracketapp.nl/	AGPL-3.0	Docker/Nodejs		Flexible tournament system to build a tournament setup, add teams, schedule matches, keep track of scores and present ranking live to the public.
Enquetes e eventos	Christmas Community	https://github.com/Wingysam/Christmas-Community	AGPL-3.0	Docker/Nodejs		Create a simple place for your entire family to use to find gifts that people want, and to avoid double-gifting.
Enquetes e eventos	Claper	https://claper.co/	GPL-3.0	Elixir/Docker		The ultimate tool to interact with your audience (alternative to Slido, AhaSlides and Mentimeter).
Enquetes e eventos	ClearFlask	https://clearflask.com	AGPL-3.0	Docker		Community-feedback tool for managing incoming feedback and prioritizing a public roadmap (alternative to Canny, UserVoice, Upvoty).
Enquetes e eventos	docassemble	https://docassemble.org/	MIT	Docker/Python		A free, open-source expert system for guided interviews and document assembly, based on Python, YAML, and Markdown.
Enquetes e eventos	EventSchedule	https://eventschedule.com/	AAL	PHP/Docker		Share events, sell tickets, and bring communities together.
Enquetes e eventos	Fider	https://fider.io	MIT	Docker		Open platform to collect and prioritize feedback (alternative to UserVoice).
Enquetes e eventos	Formbricks	https://formbricks.com	AGPL-3.0	Nodejs/Docker		Experience Management Suite built on the largest open source survey stack worldwide. Gracefully gather feedback at every step of the customer journey to know what your customers need.
Enquetes e eventos	Framadate	https://framadate.org/abc/	CECILL-B	PHP		Online service for planning an appointment or make a decision quickly and easily: Make a poll, Define dates or subjects to choose, Send the poll link to your friends or colleagues, Discuss and make a decision.
Enquetes e eventos	Gancio	https://gancio.org/	AGPL-3.0	Nodejs		Local community event and agenda sharing.
Enquetes e eventos	gathio	https://docs.gath.io/	GPL-3.0	Nodejs/Docker		Self-destructing, shareable, no-registration event pages.
Enquetes e eventos	HeyForm	https://heyform.net	AGPL-3.0	Docker		Form builder that allows anyone to create engaging conversational forms for surveys, questionnaires, quizzes, and polls.
Enquetes e eventos	hitobito	https://hitobito.com	AGPL-3.0	Ruby		Manage complex group hierarchies with members, events and a lot more.
Enquetes e eventos	LimeSurvey	https://www.limesurvey.org	GPL-2.0	PHP		Feature-rich web-based polling software. Supports extensive survey logic.
Enquetes e eventos	Meetable	https://events.indieweb.org	MIT	PHP		Minimal events aggregator.
Enquetes e eventos	Mobilizon	https://mobilizon.org	AGPL-3.0	Elixir/Docker		Federated tool that helps you find, create and organise events and groups.
Enquetes e eventos	OpnForm	https://opnform.com	AGPL-3.0	PHP/Nodejs/Docker		Beautiful open-source form builder.
Enquetes e eventos	Revel	https://www.letsrevel.io	MIT	Python/Docker	sim	Community-focused event management and ticketing platform.
Proxy	g3proxy	https://g3-project.readthedocs.io/projects/g3proxy/en/latest/	Apache-2.0	Rust/deb		Forward proxy server supporting proxy chaining, protocol inspection, MITM Interception, ICAP adaptation and transparent proxy.
Proxy	GitProxy	https://git-proxy.finos.org/	Apache-2.0	Nodejs/Docker		Proxy for Git that applies rules and workflows to all outgoing git push operations and ensures they are compliant. It supports both HTTP/HTTPS and SSH protocols with security scanning and validation.
Proxy	imgproxy	https://imgproxy.net/	MIT	Go/Docker/K8S		Fast and secure standalone server for resizing and converting remote images.
Proxy	iodine	https://code.kryo.se/iodine/	ISC	C/deb		IPv4 over DNS tunnel solution, enabling you to start up a socks5 proxy listener.
Proxy	Outline Server	https://getoutline.org/	Apache-2.0	Docker/Nodejs		A proxy server that runs a Shadowsocks instance for each access key and a REST API to manage the access keys.
Proxy	Privoxy	https://www.privoxy.org	GPL-2.0	C/deb		Non-caching web proxy with advanced filtering capabilities for enhancing privacy, modifying web page data and HTTP headers, controlling access, and removing ads and other obnoxious Internet junk.
Proxy	sish	https://github.com/antoniomika/sish	MIT	Go/Docker		HTTP(S)/WS(S)/TCP tunnels to localhost using only SSH (serveo/ngrok alternative).
Proxy	socks5-proxy-server	https://github.com/nskondratev/socks5-proxy-server	Apache-2.0	Docker		SOCKS5 proxy server with built-in authentication and Telegram-bot for user management and user statistics on data spent (handy when you pay per GB of data). It is dockerised and simple to install.
Proxy	Squid	http://www.squid-cache.org/	GPL-2.0	C/deb		Caching proxy for the Web supporting HTTP, HTTPS, FTP, and more. It reduces bandwidth and improves response times by caching and reusing frequently-requested web pages.
Proxy	Tinyproxy	https://tinyproxy.github.io/	GPL-2.0	C/deb		Light-weight HTTP/HTTPS proxy daemon.
Receitas culinárias	Bar Assistant	https://barassistant.app/	MIT	PHP/Docker		Manage your home bar while adding your ingredients, searching for cocktails and creating custom cocktail recipes.
Receitas culinárias	CookCLI	https://cooklang.org	MIT	Rust		Command-line tool for automating meal planning and shopping with Cooklang recipes, scriptable for UNIX workflows, includes web server.
Receitas culinárias	Fork Recipes	https://mikebgrep.github.io/forkapi/latest/clients/	BSD-3-Clause	Docker		Manage your food recipes with simplicity.
Receitas culinárias	ManageMeals	https://managemeals.com/	GPL-3.0	Docker		Manage recipes, import recipes by URL and organize them without any ads or unnecessary text.
Receitas culinárias	Mealie	https://nightly.mealie.io/	MIT	Python		Material design inspired recipe manager with category and tag management, shopping-lists, meal-planner, and site customizations. Mealie is focused on simple user interactions to keep the whole family using the app.
Receitas culinárias	RecipeSage	https://github.com/julianpoy/recipesage	AGPL-3.0	Nodejs		A recipe keeper, meal plan organizer, and shopping list manager that can import recipes directly from any URL.
Receitas culinárias	Recipya	https://recipes.musicavis.ca	GPL-3.0	Docker/Go		Clean, simple and powerful recipe manager your whole family will enjoy.
Receitas culinárias	Tamari	https://tamariapp.com	GPL-3.0	Docker/Python		Recipe manager web app with a built-in collection of recipes. Organize by favorites and categories, create shopping lists, and plan meals.
Receitas culinárias	Vanilla Cookbook	https://vanilla-cookbook.readthedocs.io/en/	GPL-3.0	Docker/Nodejs		Recipe manager designed with complexity under the hood, keeping the user experience as uncluttered, simply vanilla as possible.
Receitas culinárias	What To Cook?	https://github.com/kassner/whattocook	AGPL-3.0	Docker		Get a recipe to cook today, based on the ingredients you have at home.
Acesso remoto	Cardea	https://github.com/hectorm/cardea	EUPL-1.2	Go/Docker		SSH bastion server with access control, session recording, and optional TPM-backed key protection.
Acesso remoto	Engity's Bifröst	https://bifroest.engity.org/	Apache-2.0	Go/Docker		Highly customizable SSH server with several ways to authorize a user and options where and how to execute a user's session.
Acesso remoto	Firezone	https://www.firezone.dev/	Apache-2.0	Elixir/Docker		Secure remote access gateway that supports the WireGuard protocol. It offers a Web GUI, 1-line install script, multi-factor auth (MFA), and SSO.
Acesso remoto	Guacamole	https://guacamole.apache.org	Apache-2.0	Java/C		Clientless remote desktop gateway supporting standard protocols like VNC and RDP.
Acesso remoto	MeshCentral	https://meshcentral.com/	Apache-2.0	Nodejs		Run your own web server to remotely manage and control computers on a local network or anywhere on the internet.
Acesso remoto	ShellHub	https://www.shellhub.io	Apache-2.0	Docker		Modern SSH server for remotely accessing linux devices via command line (using any SSH client) or web-based user interface (alternative to sshd).
Acesso remoto	Sshwifty	https://github.com/nirui/sshwifty	AGPL-3.0	Go/Docker		Sshwifty is a SSH and Telnet connector made for the Web.
Acesso remoto	Termix	https://docs.termix.site/	Apache-2.0	Docker		Clientless web-based server management platform with SSH terminal, tunneling, and file editing capabilities.
Acesso remoto	Warpgate	https://github.com/warp-tech/warpgate	Apache-2.0	Rust/Docker		Fully transparent SSH, HTTPS, Kubernetes, MySQL and Postgres bastion/PAM that doesn't need additional client-side software.
Planejamento de recursos (ERP)	Dolibarr	https://www.dolibarr.org/	GPL-3.0	PHP/deb		Modern CRM software package to manage your company or foundation activity (contacts, suppliers, invoices, orders, stocks, agenda, accounting, ...).
Planejamento de recursos (ERP)	ERPNext	https://frappe.io/erpnext	GPL-3.0	Python/Docker		ERP system to help you run your business.
Planejamento de recursos (ERP)	farmOS	https://farmos.org/	GPL-2.0	PHP/Docker		Web-based farm record keeping application.
Planejamento de recursos (ERP)	grocy	https://grocy.info/	MIT	PHP/Docker		ERP beyond your fridge. Groceries & household management solution for your home.
Planejamento de recursos (ERP)	LedgerSMB	https://ledgersmb.org/	GPL-2.0	Docker/Perl		Integrated accounting and ERP system for small and midsize businesses, with double entry accounting, budgeting, invoicing, quotations, projects, orders and inventory management, shipping and more.
Planejamento de recursos (ERP)	Odoo	https://www.odoo.com	LGPL-3.0	Python/deb/Docker		Free open source ERP system.
Planejamento de recursos (ERP)	OFBiz	https://ofbiz.apache.org/	Apache-2.0	Java		Enterprise Resource Planning system with a suite of business applications flexible enough to be used across any industry.
Planejamento de recursos (ERP)	Tryton	https://www.tryton.org/	GPL-3.0	Python		Free open source business solution.
Buscadores	Aleph	https://aleph.occrp.org/	MIT	Docker/K8S		Tool for indexing large amounts of both documents (PDF, Word, HTML) and structured (CSV, XLS, SQL) data for easy browsing and search. It is built with investigative reporting as a primary use case.
Buscadores	Amgix	https://amgix.io	AGPL-3.0	Docker/K8S		Open-source hybrid search engine built for flexible deployment and real-world messy data.
Buscadores	Apache Solr	https://lucene.apache.org/solr/	Apache-2.0	Java/Docker/K8S		Enterprise search platform featuring full-text search, hit highlighting, faceted search, real-time indexing, dynamic clustering, and rich document (e.g., Word, PDF) handling.
Buscadores	Fess	https://fess.codelibs.org/	Apache-2.0	Java/Docker		Powerful and easily deployable Enterprise Search Server.
Buscadores	Hister	https://hister.org/	AGPL-3.0	Go/Docker		Personal web search engine with automatic indexing of visited websites. Supports offline local result previews, local files, multi-user handling and optional semantic search.
Buscadores	Manticore Search	https://github.com/manticoresoftware/manticoresearch/	GPL-3.0	Docker/deb/C++/K8S		Full-text search and data analytics, with fast response time for small, medium and big data (alternative to Elasticsearch).
Buscadores	MeiliSearch	https://www.meilisearch.com	MIT	Rust/Docker/deb		Ultra relevant, instant and typo-tolerant full-text search API.
Buscadores	Meme Search	https://github.com/neonwatty/meme-search	Apache-2.0	Docker		AI-powered meme search engine. Automatically extracts descriptions from images using vision-language models, then indexes with vector embeddings for semantic and keyword search.
Buscadores	OpenSearch	https://opensearch.org	Apache-2.0	Java/Docker/K8S/deb		Distributed and RESTful search engine.
Buscadores	SearXNG	https://docs.searxng.org/	AGPL-3.0	Python/Docker	sim	Internet metasearch engine which aggregates results from various search services and databases (Fork of Searx).
Buscadores	Sosse	https://sosse.readthedocs.io/en/stable/	AGPL-3.0	Python/Docker		Selenium based search engine and crawler with offline archiving.
Buscadores	Typesense	https://typesense.org	GPL-3.0	C++/Docker/K8S/deb		Blazing fast, typo-tolerant open source search engine optimized for developer happiness and ease of use.
Buscadores	Websurfx	https://github.com/neon-mmd/websurfx	AGPL-3.0	Rust/Docker	sim	Aggregate results from other search engines (metasearch engine) without ads while keeping privacy and security in mind. It is extremely fast and provides a high level of customization (alternative to SearX).
Buscadores	Yacy	https://yacy.net/en/index.html	GPL-2.0	Java/Docker/K8S		Peer based, decentralized search engine server.
Plataformas de auto-hospedagem	DietPi	https://dietpi.com/	GPL-2.0	Shell		Minimal Debian OS optimized for single-board computers, which allows you to easily install and manage several services for selfhosting at home.
Plataformas de auto-hospedagem	DockSTARTer	https://dockstarter.com/	MIT	Shell		DockSTARTer helps you get started with home server apps running in Docker.
Plataformas de auto-hospedagem	Dropserver	https://dropserver.org	Apache-2.0	Go/Deno		An application platform for your personal web services.
Plataformas de auto-hospedagem	FreedomBox	https://freedombox.org/	AGPL-3.0	Python/deb		Community project to develop, design and promote personal servers running free software for private, personal, communications.
Plataformas de auto-hospedagem	HomeButler	https://homebutler.dev	MIT	Docker/Go		Installs and manages a curated catalog of applications via Docker Compose, maps containers and exposed ports, verifies backups restore, and reports what changed since the last run with CLI, JSON, web and MCP interfaces.
Plataformas de auto-hospedagem	HomelabOS	https://homelabos.com	MIT	Docker		Offline privacy-centric data-center. Deploy over 100 services with a few commands.
Plataformas de auto-hospedagem	HomeServerHQ	https://www.homeserverhq.com/	GPL-3.0	Shell		All-in-one home server infrastructure and installer. Have a fully configured email server, VPN, and public website(s) set up in less than an hour, even behind CGNAT.
Plataformas de auto-hospedagem	LibreServer	https://libreserver.org/	AGPL-3.0	Shell		Home server configuration based on Debian.
Plataformas de auto-hospedagem	NextCloudPi	https://github.com/nextcloud/nextcloudpi	GPL-2.0	Shell/PHP		Nextcloud preinstalled and preconfigured, with a text and web management interface and all the tools needed to self host private data. With installation images for Raspberry Pi, Odroid, Rock64, Docker, and a curl installer for Armbian/Debian.
Plataformas de auto-hospedagem	Nirvati	https://nirvati.org	AGPL-3.0	Rust/K8S		Easily 1-click spin up popular self-hosted apps from a convenient web interface.
Plataformas de auto-hospedagem	OpenMediaVault	https://www.openmediavault.org/	GPL-3.0	PHP		Network attached storage (NAS) solution based on Debian Linux. It contains services like SSH, (S)FTP, SMB/CIFS, DAAP media server, RSync, BitTorrent client and many more.
Plataformas de auto-hospedagem	Sandstorm	https://sandstorm.io/	Apache-2.0	C++/Shell		Personal server for running self-hosted apps easily and securely.
Plataformas de auto-hospedagem	Self Host Blocks	https://github.com/ibizaman/selfhostblocks	AGPL-3.0	Nix	sim	Modular server management based on NixOS modules and focused on best practices.
Plataformas de auto-hospedagem	StartOS	https://start9.com	MIT	Rust		Browser-based, graphical Operating System (OS) that makes running a personal server as easy as running a personal computer.
Plataformas de auto-hospedagem	Syncloud	https://syncloud.org/	GPL-3.0	Go/Shell		Your own online file storage, social network or email server.
Plataformas de auto-hospedagem	Tipi	https://runtipi.io/	GPL-3.0	Shell		Homeserver manager. One command setup, one click installs for your favorites self-hosted apps.
Plataformas de auto-hospedagem	UBOS	https://ubos.net/	GPL-3.0	Perl		Linux distro that runs on indie boxes (personal servers and IoT devices). Single-command installation and management of apps - Jenkins, Mediawiki, Owncloud, WordPress, etc., and other features.
Plataformas de auto-hospedagem	Websoft9	https://www.websoft9.com	LGPL-3.0	Shell/Python	sim	GitOps-driven, multi-application hosting for cloud servers and home servers, one-click deployment of 200+ open source apps.
Plataformas de auto-hospedagem	WikiSuite	https://wikisuite.org	GPL-3.0/LGPL-2.1/Apache-2.0/MPL-2.0/MPL-1.1/MIT/AGPL-3.0	Shell/Perl/deb		The most comprehensive and integrated Free / Libre / Open Source enterprise software suite.
Plataformas de auto-hospedagem	xsrv	https://xsrv.readthedocs.io/	GPL-3.0	Ansible/Shell		Install and manage self-hosted services/applications, on your own server(s).
Plataformas de auto-hospedagem	YunoHost	https://yunohost.org/	AGPL-3.0	Python/Shell		Server operating system aiming to make self-hosting accessible to everyone.
Desenvolvimento — gestão de APIs	Aastro	https://starwalkn.github.io/aastro-docs	Apache-2.0	Go/Docker		Extensible API Gateway written in Go.
Desenvolvimento — gestão de APIs	DreamFactory	https://www.dreamfactory.com/	Apache-2.0	PHP/Docker/K8S		Turns any SQL/NoSQL/Structured data into Restful API.
Desenvolvimento — gestão de APIs	form.io	https://form.io	MIT	Nodejs/Docker		A REST API building platform that utilizes a drag & drop form builder, and is application framework agnostic. Contains open source and enterprise version.
Desenvolvimento — gestão de APIs	Fusio	https://www.fusio-project.org/	AGPL-3.0	PHP/Docker		Open-source API management platform which helps to build and manage REST APIs.
Desenvolvimento — gestão de APIs	Graphweaver	https://graphweaver.com/	MIT	Nodejs		Turn multiple data sources into a single GraphQL API.
Desenvolvimento — gestão de APIs	Hasura	https://hasura.io	Apache-2.0	Haskell/Docker/K8S		Fast, instant realtime GraphQL APIs on Postgres with fine grained access control, also trigger webhooks on database events.
Desenvolvimento — gestão de APIs	Hoppscotch Community Edition	https://hoppscotch.io	MIT	Nodejs/Docker		Fast and beautiful API request builder.
Desenvolvimento — gestão de APIs	Kong	https://konghq.com/kong/	Apache-2.0	Lua/Docker/K8S/deb		Microservice API Gateway and Platform.
Desenvolvimento — gestão de APIs	Lura	https://luraproject.org/	Apache-2.0	Go		High-performance API Gateway.
Desenvolvimento — gestão de APIs	Opik	https://www.comet.com/site/products/opik/	Apache-2.0	Docker/Python	sim	Evaluate, test, and ship LLM applications with a suite of observability tools to calibrate language model outputs across your dev and production lifecycle.
Desenvolvimento — gestão de APIs	Para	https://paraio.org	Apache-2.0	Java/Docker		Flexible and modular backend framework/server for object persistence, API development and authentication.
Desenvolvimento — gestão de APIs	Svix	https://svix.com	MIT	Docker/Rust		Open-source webhooks as a service that makes it super easy for API providers to send webhooks.
Desenvolvimento — gestão de APIs	Tyk	https://tyk.io	MPL-2.0	Go/Docker/K8S		Fast and scalable open source API Gateway. Out of the box, Tyk offers an API Management Platform with an API Gateway, API Analytics, Developer Portal and API Management Dashboard.
Desenvolvimento — feature flags	Featbit	https://www.featbit.co/	MIT	Docker/K8S		Enterprise-grade feature flag platform that you can self-host.
Desenvolvimento — feature flags	Flagsmith	https://flagsmith.com	BSD-3-Clause	Docker/K8S		Dashboard, API and SDKs for adding Feature Flags to your applications (alternative to LaunchDarkly).
Desenvolvimento — feature flags	Flipt	https://flipt.io	GPL-3.0	Docker/K8S/Go		Feature flag solution with support for multiple data backends (alternative to LaunchDarkly).
Desenvolvimento — feature flags	GO Feature Flag	https://gofeatureflag.org	MIT	Go		Simple, complete, and lightweight feature flag solution (alternative to LaunchDarkly).
Desenvolvimento — IDEs e ferramentas	Atheos	https://www.atheos.io	MIT	PHP/Docker		Web-based IDE framework with a small footprint and minimal requirements, continued from Codiad.
Desenvolvimento — IDEs e ferramentas	code-server	https://github.com/coder/code-server	MIT	Nodejs/Docker		VS Code in the browser, hosted on a remote server.
Desenvolvimento — IDEs e ferramentas	Coder	https://coder.com/	AGPL-3.0	Go/Docker/K8S/deb		Remote development machines on your own infrastructure.
Desenvolvimento — IDEs e ferramentas	Eclipse Che	https://www.eclipse.org/che/	EPL-1.0	Docker/Java		Open source workspace server and cloud IDE.
Desenvolvimento — IDEs e ferramentas	Hopp	https://gethopp.app	AGPL-3.0	Docker		Remote pair programming app with low-latency 4K screen sharing, drawing, and remote control, with clients for macOS and Windows (alternative to Tuple, Pop, Drovio, Coscreen).
Desenvolvimento — IDEs e ferramentas	Judge0 CE	https://judge0.com	GPL-3.0	Docker		API to compile and run source code.
Desenvolvimento — IDEs e ferramentas	JupyterLab	https://jupyterlab.readthedocs.io/en/stable/	BSD-3-Clause	Python/Docker		Web-based environment for interactive and reproducible computing.
Desenvolvimento — IDEs e ferramentas	Langfuse	https://langfuse.com	MIT	Docker		LLM engineering platform for model tracing, prompt management, and application evaluation. Langfuse helps teams collaboratively debug, analyze, and iterate on their LLM applications such as chatbots or AI agents.
Desenvolvimento — IDEs e ferramentas	LiveCodes	https://livecodes.io/docs/features/self-hosting	MIT	Nodejs	sim	Feature-rich client-side code playground for React, Vue, Svelte, Solid, Typescript, Python, Go, Ruby, PHP and 90+ other languages.
Desenvolvimento — IDEs e ferramentas	Lowdefy	https://www.lowdefy.com/	Apache-2.0	Nodejs/Docker		Build internal tools, BI dashboards, admin panels, CRUD apps and workflows in minutes using YAML / JSON on an self-hosted, open-source platform. Connect to your data sources, host via Serverless, Netlify or Docker.
Desenvolvimento — IDEs e ferramentas	RapidForge	https://rapidforge.io/	Apache-2.0	Go/Nodejs		Lightweight platform for building webhooks, scheduled tasks and pages. Implement your logic with Bash or Lua.
Desenvolvimento — IDEs e ferramentas	RStudio Server	https://www.rstudio.com/products/rstudio/#Server	AGPL-3.0	Java/C++		Web browser based IDE for R.
Desenvolvimento — localização e tradução	Accent	https://www.accent.reviews/	BSD-3-Clause	Elixir/Docker		Developer-oriented translation tool.
Desenvolvimento — localização e tradução	Tolgee	https://tolgee.io	Apache-2.0	Docker/Java		Developer & translator friendly web-based localization platform enabling users to translate directly in the app they develop.
Desenvolvimento — localização e tradução	Traduora	https://traduora.co	AGPL-3.0	Docker/K8S/Nodejs		Translation management platform for teams.
Desenvolvimento — localização e tradução	Weblate	https://weblate.org	GPL-3.0	Python/Docker/K8S		Web-based translation tool with tight version control integration.
Desenvolvimento — low code	Appsmith	https://www.appsmith.com/	Apache-2.0	Java/Docker/K8S		Build admin panels, CRUD apps and workflows. Build everything you need, 10x faster.
Desenvolvimento — low code	Appwrite	https://appwrite.io	BSD-3-Clause	Docker		End to end backend server for web, native, and mobile developers 🚀.
Desenvolvimento — low code	Halo	https://www.halo.run	GPL-3.0	Java/Docker		A powerful and easy-to-use website building tool (documentation in Chinese).
Desenvolvimento — low code	Manifest	https://manifest.build	MIT	Nodejs		Complete backend that fits into 1 YAML file.
Desenvolvimento — low code	PocketBase	https://pocketbase.io/	MIT	Go/Docker		Backend for your next SaaS and Mobile app in one file.
Desenvolvimento — low code	Saltcorn	https://saltcorn.com/	MIT	Docker/Nodejs		No-code database application builder for web and mobile applications. One platform for user interface, data backend, durable workflows, email, PDF generation, and AI applications.
Desenvolvimento — low code	SQLPage	https://sql-page.com	MIT	Rust/Docker		SQL-only dynamic website builder.
Desenvolvimento — low code	ToolJet	https://tooljet.io/	GPL-3.0	Nodejs/Docker/K8S		Low-code framework to build & deploy internal tools with minimal engineering effort (alternative to Retool and Mendix).
Desenvolvimento — low code	TrailBase	https://trailbase.io/	OSL-3.0	Rust/Docker		Open, sub-millisecond, single-executable FireBase alternative with type-safe REST & realtime APIs, built-in JS/TS runtime, auth & admin UI.
Desenvolvimento — gestão de projetos	Cgit	https://git.zx2c4.com/cgit/about/	GPL-2.0	C		Fast lightweight web interface for git repositories.
Desenvolvimento — gestão de projetos	Forgejo	https://forgejo.org	MIT	Docker/Go		A lightweight software forge focused on scaling, federation, and privacy (fork of Gitea).
Desenvolvimento — gestão de projetos	Fossil	https://www.fossil-scm.org/index.html/doc/trunk/www/index.wiki	BSD-2-Clause-FreeBSD	C		Distributed version control system featuring wiki and bug tracker.
Desenvolvimento — gestão de projetos	Gerrit	https://www.gerritcodereview.com/	Apache-2.0	Java/Docker		Code review and project management tool for Git-based projects.
Desenvolvimento — gestão de projetos	gitbucket	https://gitbucket.github.io/	Apache-2.0	Scala/Java		Git platform powered with easy installation, high extensibility & GitHub API compatibility (alternative to GitHub).
Desenvolvimento — gestão de projetos	Gitea	https://gitea.com	MIT	Go/Docker/K8S		Git with a cup of tea! Painless self-hosted all-in-one software development service, including Git hosting, code review, team collaboration, package registry and CI/CD.
Desenvolvimento — gestão de projetos	GitLab	https://about.gitlab.com	MIT	Ruby/deb/Docker/K8S		Self Hosted Git repository management, code reviews, issue tracking, activity feeds and wikis.
Desenvolvimento — gestão de projetos	Gogs	https://gogs.io/	MIT	Go		Painless self-hosted Git Service written in Go.
Desenvolvimento — gestão de projetos	Huly	https://huly.io	EPL-2.0	Docker/K8S/Nodejs		All-in-one project management platform (alternative to Linear, Jira, Slack, Notion, Motion).
Desenvolvimento — gestão de projetos	Ideon	https://www.theideon.com	AGPL-3.0	Docker		Project workspace built around an infinite canvas; embed GitHub, GitLab, Gitea, and Forgejo repositories alongside notes, links, and tasks, with real-time collaboration.
Desenvolvimento — gestão de projetos	Kaneo	https://kaneo.app/	MIT	K8S/Docker		Project management platform focused on simplicity and efficiency.
Desenvolvimento — gestão de projetos	Leantime	https://leantime.io	AGPL-3.0	PHP/Docker		Lean project management system for small teams and startups helping to manage projects from ideation through delivery.
Desenvolvimento — gestão de projetos	Mindwendel	https://www.mindwendel.com/	AGPL-3.0	Docker/Elixir		Brainstorm and upvote ideas and thoughts within your team.
Desenvolvimento — gestão de projetos	minimal-git-server	https://github.com/mcarbonne/minimal-git-server	MIT	Docker		Lightweight git server with a basic CLI to manage repositories, supporting multiple accounts and running in a container.
Desenvolvimento — gestão de projetos	Octobox	https://octobox.io/	AGPL-3.0	Ruby/Docker	sim	Take back control of your GitHub Notifications.
Desenvolvimento — gestão de projetos	OneDev	https://onedev.io/	MIT	Java/Docker/K8S		All-In-One DevOps Platform. With Git Management, Issue Tracking, and CI/CD. Simple yet Powerful.
Desenvolvimento — gestão de projetos	OpenProject	https://www.openproject.org	GPL-3.0	Ruby/deb/Docker		Manage your projects, tasks and goals. Collaborate via work packages and link them to your pull requests on Github.
Desenvolvimento — gestão de projetos	Pagure	https://pagure.io/pagure	GPL-2.0	Docker/Python/deb		Lightweight, powerful, and flexible git-centric forge with features laying the foundation for federated and decentralized development.
Desenvolvimento — gestão de projetos	Phorge	https://we.phorge.it/	Apache-2.0	PHP		Community-driven platform for collaborating, managing, organizing and reviewing software development projects.
Desenvolvimento — gestão de projetos	Plane	https://plane.so	AGPL-3.0	Docker		Track issues, epics, and product roadmaps in the simplest way possible (alternative to JIRA, Linear and Height).
Desenvolvimento — gestão de projetos	ProjeQtOr	https://www.projeqtor.org/	AGPL-3.0	PHP		Complete, mature, multi-user project management system with extensive functionality for all phases of a project.
Desenvolvimento — gestão de projetos	Redmine	https://www.redmine.org/	GPL-2.0	Ruby		Flexible project management web application.
Desenvolvimento — gestão de projetos	Review Board	https://www.reviewboard.org/	MIT	Python/Docker		Extensible and friendly code review tool for projects and companies of all sizes.
Desenvolvimento — gestão de projetos	RhodeCode	https://rhodecode.com/	AGPL-3.0	Python		Unify and simplify repository management for Git, Subversion, and Mercurial.
Desenvolvimento — gestão de projetos	Rukovoditel	https://www.rukovoditel.net/	GPL-2.0	PHP		Configurable open source project management, web-based application.
Desenvolvimento — gestão de projetos	SCM Manager	https://www.scm-manager.org/	BSD-3-Clause	Java/deb/Docker/K8S		The easiest way to share and manage your Git, Mercurial and Subversion repositories over http.
Desenvolvimento — gestão de projetos	ShipShipShip	https://shipshipship.io	Apache-2.0	Docker		Changelog and roadmap platform that bridges project management and customer communication.
Desenvolvimento — gestão de projetos	Smederee	https://smeder.ee	AGPL-3.0	Scala		A frugal platform which is dedicated to help people build great software together leveraging the power of the Darcs version control system.
Desenvolvimento — gestão de projetos	Sourcehut	https://sourcehut.org/	GPL-2.0	Go		A full web git interface with no javascript.
Desenvolvimento — gestão de projetos	Taiga	https://www.taiga.io/	MPL-2.0	Docker/Python/Nodejs		Agile Project Management Tool based on the Kanban and Scrum methods.
Desenvolvimento — gestão de projetos	Titra	https://titra.io/	GPL-3.0	Javascript/Docker		Time-tracking solution for freelancers and small teams.
Desenvolvimento — gestão de projetos	Trac	https://trac.edgewall.org/	BSD-3-Clause	Python/deb		Trac is an enhanced wiki and issue tracking system for software development projects.
Desenvolvimento — gestão de projetos	Traq	https://traq.io/	GPL-3.0	PHP/Nodejs		Project management and issue tracking system written in PHP.
Desenvolvimento — gestão de projetos	Tuleap	https://www.tuleap.org/	GPL-2.0	PHP		Tuleap is a libre suite to plan, track, code and collaborate on software projects.
Desenvolvimento — gestão de projetos	UVDesk	https://www.uvdesk.com/	MIT	PHP		UVDesk community is a service oriented, event driven extensible opensource helpdesk system that can be used by your organization to provide efficient support to your clients effortlessly whichever way you imagine.
Desenvolvimento — gestão de projetos	ZenTao	https://www.zentao.pm/	AGPL-3.0	PHP		An agile(scrum) project management system/tool.
Desenvolvimento — testes	Bencher	https://bencher.dev/	MIT/Apache-2.0	Rust		Suite of continuous benchmarking tools designed to catch performance regressions in CI.
Desenvolvimento — testes	Request Inbox	https://request-inbox.com/	Apache-2.0	Docker		Collect and inspect HTTP requests for testing and debugging. Create and manage inboxes, capture detailed request data, configure custom responses.
Desenvolvimento — testes	WebHook Tester	https://github.com/tarampampam/webhook-tester	MIT	Docker/Go/deb/K8S		Powerful tool for testing WebHooks and more.
Tarefas e listas	4ga Boards	https://4gaboards.com	MIT	Nodejs/Docker/K8S		Straightforward realtime kanban boards management for intuitive task tracking. Featuring an elegant dark mode, collapsible todo lists, and multitasking tools to supercharge your team's productivity.
Tarefas e listas	AppFlowy	https://appflowy.io/	AGPL-3.0	Rust/Dart/Docker		Build detailed lists of to-do’s for different projects while tracking the status of each one. Open Source Notion Alternative.
Tarefas e listas	dayGLANCE	https://dayglance.app	MIT	Javascript/Docker		Day planner with drag-and-drop time blocking, inbox, recurring tasks, habits, routines, goals, projects and Pomodoro focus mode, plus iCal and CalDAV calendar sync. Data stays in the browser, with optional WebDAV or GLANCEvault sync.
Tarefas e listas	Donetick	https://donetick.com	AGPL-3.0	Go/Docker		Task and chore management tool for personal and family use, with advanced scheduling, flexible assignment, and group sharing capabilities, detailed history, automation via API, simple and modern design.
Tarefas e listas	Focus Flow	https://github.com/francesco-gaglione/focus_flow_cloud	MIT	Docker/K8S		Complete ecosystem for time management using the Pomodoro technique.
Tarefas e listas	HamsterBase Tasks	https://tasks.hamsterbase.com	AGPL-3.0	Docker		A tool to help organize ideas and build great things. Plan, organize, build and ship.
Tarefas e listas	Kan	https://kan.bn/	AGPL-3.0	Docker		Flexible kanban app that helps you organise work, track progress, and deliver results (alternative to Trello).
Tarefas e listas	Kanboard	https://kanboard.org/	MIT	PHP		Simple visual task board.
Tarefas e listas	Listaway	https://github.com/jeffrpowell/listaway/	MIT	Docker		List management app for creating and publicly sharing lists of items. Supports auth, admin tools, item notes and priorities, and opt-in public read-only links with randomized URLs (alternative to Amazon Lists).
Tarefas e listas	myTinyTodo	https://www.mytinytodo.net/	GPL-2.0	PHP		Simple way to manage your todo list in AJAX style. Uses PHP, jQuery, SQLite/MySQL. GTD compliant.
Tarefas e listas	Nullboard	https://github.com/apankrat/nullboard	BSD-2-Clause	Javascript		Single-page minimalist kanban board; compact, highly readable and quick to use.
Tarefas e listas	OpenHabitTracker	https://openhabittracker.net	GPL-3.0	Docker		Track habits, tasks and notes with time tracking, calendar view and completion statistics.
Tarefas e listas	Our Shopping List	https://codeberg.org/nanawel/our-shopping-list	AGPL-3.0	Docker		Simple shared list application including shopping lists and any other small todo-list that needs to be used collaboratively.
Tarefas e listas	Super Productivity	https://super-productivity.com	MIT	Docker		Advanced todo list app with integrated timeboxing and time tracking capabilities. Integrates with Jira, GitHub, GitLab, Redmine and OpenProject.
Tarefas e listas	Task Keeper	https://github.com/nymanjens/piga	Apache-2.0	Scala		List editor for power users, backed by a self-hosted server.
Tarefas e listas	Tasks.md	https://github.com/BaldissaraMatheus/Tasks.md	MIT	Docker		A self-hosted, file based task management board that supports Markdown syntax.
Tarefas e listas	Taskwarrior	https://taskwarrior.org/	MIT	C++		Taskwarrior is Free and Open Source Software that manages your TODO list from your command line. It is flexible, fast, efficient, and unobtrusive. It does its job then gets out of your way.
Tarefas e listas	Tellor	https://tellor.cc/	MIT	PHP		Minimalist single-user kanban todo app. Clean, simplified, and compact UI. Can import boards from Trello.
Tarefas e listas	Tracks	https://www.getontracks.org/	GPL-2.0	Ruby		Web-based application to help you implement David Allen’s [Getting Things Done™](https://en.wikipedia.org/wiki/Getting_Things_Done) methodology.
Tarefas e listas	tududi	https://tududi.com/	MIT	Docker		Task management tool with hierarchical structure, smart recurring tasks, and seamless Telegram integration.
Tarefas e listas	Vikunja	https://vikunja.io/	AGPL-3.0/GPL-3.0	Go		The to-do app to organize your life.
Tarefas e listas	Wekan	https://wekan.github.io/	MIT	Nodejs		Open-source Trello-like kanban.
Tarefas e listas	Will Be Done	https://will-be-done.app/	AGPL-3.0	Docker/Nodejs		Offline-first task manager with weekly planning, project boards, real-time sync, Vim keybindings, desktop quick add, and import from popular task managers (alternative to TickTick, Todoist).
Chamados e suporte	BugPin	https://bugpin.io	AGPL-3.0/MIT	Docker		Visual bug reporting and ticketing tool for web applications.
Chamados e suporte	Bugzilla	https://www.bugzilla.org/	MPL-2.0	Perl		General-purpose bugtracker and testing tool originally developed and used by the Mozilla project.
Chamados e suporte	Frappe Helpdesk	https://frappe.io/helpdesk	AGPL-3.0	Docker		Helpdesk software which helps you streamline your company's support, offers an easy setup, clean user interface, and automation tools to resolve customer queries efficiently.
Chamados e suporte	FreeScout	https://freescout.net/	AGPL-3.0	PHP/Docker		Email-based customer support application, help desk and shared mailbox (alternative to Zendesk and Help Scout).
Chamados e suporte	GlitchTip	https://glitchtip.com	MIT	Python/Docker/K8S		Error tracking app to collect errors reported by your app.
Chamados e suporte	ITFlow	https://itflow.org	GPL-3.0	PHP		Client IT documentation, ticketing, invoicing and accounting for MSPs (Managed Service Providers).
Chamados e suporte	Libredesk	https://libredesk.io/	AGPL-3.0	Docker/Go/Nodejs		Modern omnichannel customer support desk. Live chat, email, and more in a single binary.
Chamados e suporte	MantisBT	https://www.mantisbt.org/	GPL-2.0	PHP		Bug tracker, fits best for software development.
Chamados e suporte	OTOBO	https://otobo.io/en/	GPL-3.0	Perl/Docker		Flexible web-based ticketing system used for customer service, help desk, IT service management.
Chamados e suporte	Request Tracker	https://www.bestpractical.com/rt/	GPL-2.0	Perl		Enterprise-grade issue tracking system.
Chamados e suporte	Roundup Issue Tracker	https://www.roundup-tracker.org/	MIT/ZPL-2.0	Python/Docker		Simple-to-use and -install issue tracking system with command-line, web, REST, XML-RPC, and e-mail interfaces. Designed with flexibility in mind - not just another bug tracker.
Chamados e suporte	Zammad	https://zammad.org/	AGPL-3.0	Ruby/deb		Easy to use but powerful open-source support and ticketing system.
Controle de tempo	ActivityWatch	https://activitywatch.net	MPL-2.0	Python		Automatically track how you spend time on your devices.
Controle de tempo	Beaver Habit Tracker	https://github.com/daya0576/beaverhabits	BSD-3-Clause	Docker		Habit tracking app to save your precious moments in your fleeting life.
Controle de tempo	Ever Gauzy	https://gauzy.co	AGPL-3.0	Docker/Nodejs		Open business management platform for collaborative, on-demand and sharing economies (ERP/CRM/HRM/ATS/PM).
Controle de tempo	Kimai	https://www.kimai.org/	AGPL-3.0	PHP		Track work time and print out a summary of your activities on demand.
Controle de tempo	solidtime	https://www.solidtime.io	AGPL-3.0	Docker		Modern time tracking application for freelancers and agencies.
Controle de tempo	TimeTagger	https://timetagger.app	GPL-3.0	Python		An open source time-tracker based on an interactive timeline and powerful reporting.
Controle de tempo	TimeTracker	https://timetracker.drytrix.com/	GPL-3.0	Docker		Track time across projects and clients, with timers, kanban tasks, CRM, expense tracking, multi-currency invoicing (PDF, Peppol/ZugFerd e-invoicing), reports, OIDC/SSO, and a REST API.
Controle de tempo	Traggo	https://traggo.net/	GPL-3.0	Docker/Go		Traggo is a tag-based time tracking tool. In Traggo there are no tasks, only tagged time spans.
Controle de tempo	Wakapi	https://wakapi.dev/	GPL-3.0	Go/Docker		Tracking tool for coding statistics, compatible with WakaTime.
Controle de tempo	Ziit	https://ziit.app	AGPL-3.0	Docker		The Swiss army knife of code time tracking (alternative to WakaTime).
Viagens	Surmai	https://surmai.app/	MIT	Docker		Collaborative personal and family travel organizer.
Encurtadores de URL	bit	https://github.com/sjdonado/bit	MIT	Docker/Crystal		Fast, lightweight, resource-efficient, compiled URL shortener.
Encurtadores de URL	Chhoto URL	https://chhoto.link	MIT	Rust/Docker		Simple, lightning-fast URL shortener with no bloat (fork of simply-shorten).
Encurtadores de URL	clink	https://git.crueter.xyz/crueter/clink	AGPL-3.0	C		A super-minimal link shortening service written in pure C, focusing on small executable size, portability, and ease of configuration.
Encurtadores de URL	Flink	https://gitlab.com/rtraceio/web/flink	MIT	Docker		Create QR Codes, embeddable link previews for your website and crawls/scrapes metadata.
Encurtadores de URL	Kutt	https://kutt.to	MIT	Nodejs/Docker		Modern URL shortener with support for custom domains and custom URLs.
Encurtadores de URL	rs-short	https://git.42l.fr/42l/rs-short	MPL-2.0	Rust		Lightweight link shortener written in Rust, with features such as caching, spambot protection and phishing detection.
Encurtadores de URL	Shlink	https://shlink.io	MIT	PHP/Docker		URL shortener with REST API and command line interface. Includes official progressive web application and docker images.
Encurtadores de URL	Simple-URL-Shortener	https://github.com/azlux/Simple-URL-Shortener	MIT	PHP		KISS URL shortener, public or private (with account). Minimalist and lightweight. No dependencies.
Encurtadores de URL	YOURLS	https://yourls.org/	MIT	PHP		YOURLS is a set of PHP scripts that will allow you to run Your Own URL Shortener. Features include password protection, URL customization, bookmarklets, statistics, API, plugins, jsonp.
Vigilância por vídeo	Bluecherry	https://github.com/bluecherrydvr/bluecherry-apps	GPL-2.0	PHP		Closed-circuit television (CCTV) software application which supports IP and Analog cameras.
Vigilância por vídeo	Frigate	https://frigate.video/	MIT	Docker/Python/Nodejs		Monitor your security cameras with locally processed AI.
Vigilância por vídeo	motionEye	https://github.com/motioneye-project/motioneye	GPL-3.0	Python/Docker		Online interface for the software Motion, a video surveillance program with motion detection.
Vigilância por vídeo	Secluso	https://secluso.com	GPL-3.0	Rust		Private DIY home security camera system for Raspberry Pi, with end-to-end encrypted remote access and mobile apps for live video, alerts, and recording playback.
Vigilância por vídeo	SentryShot	https://codeberg.org/SentryShot/sentryshot	GPL-2.0	Docker/Rust		Video surveillance management system.
Vigilância por vídeo	Strix	https://github.com/eduard256/Strix	MIT	Go/Docker		Auto-discovers working stream URLs for IP cameras and generates ready-to-use Frigate and go2rtc configs.
Vigilância por vídeo	Viseron	https://viseron.netlify.app/	MIT	Docker		Self-hosted, local-only NVR and AI Computer Vision software. With features such as object detection, motion detection, face recognition and more, it gives you the power to keep an eye on your home, office or any other place you want to monitor.
Vigilância por vídeo	Zoneminder	https://www.zoneminder.com/	GPL-2.0	PHP/deb		Closed-circuit television (CCTV) software application which supports IP, USB and Analog cameras.
Servidores web	Algernon	https://algernon.roboticoverlords.org/	BSD-3-Clause	Go/Docker		Small self-contained pure-Go web server with Lua, Markdown, HTTP/2, QUIC, Redis and PostgreSQL support.
Servidores web	Apache HTTP Server	https://httpd.apache.org/	Apache-2.0	C/deb/Docker		Secure, efficient and extensible server that provides HTTP services in sync with the current HTTP standards.
Servidores web	BunkerWeb	https://www.bunkerweb.io	AGPL-3.0	deb/Docker/K8S/Python		Next-gen Web Application Firewall (WAF) that will protect your web services.
Servidores web	Caddy	https://caddyserver.com/	Apache-2.0	Go/deb/Docker		Powerful, enterprise-ready, open source web server with automatic HTTPS.
Servidores web	Ferron	https://ferron.sh/	MIT	Rust/Docker/deb		Fast, memory-safe web server written in Rust.
Servidores web	go-doxy	https://github.com/yusing/godoxy	MIT	Docker/Go		Lightweight, simple, and  performant reverse proxy with WebUI, Docker integration, automatic shutdown/startup for container based on traffic.
Servidores web	HAProxy	https://www.haproxy.org/	GPL-2.0	C/deb/Docker		Very fast and reliable reverse-proxy offering high availability, load balancing, and proxying for TCP and HTTP-based applications.
Servidores web	Lighttpd	https://www.lighttpd.net/	BSD-3-Clause	C/deb/Docker		Secure, fast, compliant, and very flexible web server that has been optimized for high-performance environments.
Servidores web	Nginx Proxy Manager	https://nginxproxymanager.com/	MIT	Docker		Docker container for managing Nginx proxy hosts with a simple, powerful interface.
Servidores web	NGINX	https://nginx.org/en/	BSD-2-Clause	C/deb/Docker		HTTP and reverse proxy server, mail proxy server, and generic TCP/UDP proxy server.
Servidores web	Pangolin	https://digpangolin.com/	AGPL-3.0	Docker		Identity-aware tunneled reverse proxy with dashboard UI, access control, and WireGuard-based tunnels (alternative to Cloudflare Tunnel, Tailscale).
Servidores web	Pomerium	https://www.pomerium.io	Apache-2.0	Go/Docker		Identity-aware reverse proxy, successor to now obsolete oauth_proxy. It inserts an OAuth step before proxying your request to the backend, so that you can safely expose your self-hosted websites to public Internet.
Servidores web	SafeLine	https://waf.chaitin.com/	GPL-3.0	Docker		Web application firewall / reverse proxy to protect your web apps from attacks and exploits.
Servidores web	Static Web Server	https://static-web-server.net/	Apache-2.0/MIT	Rust/Docker		Cross-platform, high-performance, and asynchronous web server for static file serving.
Servidores web	SWAG (Secure Web Application Gateway)	https://github.com/linuxserver/docker-swag	GPL-3.0	Docker		Nginx webserver and reverse proxy with PHP support, built-in Certbot (Let's Encrypt) client and fail2ban integration.
Servidores web	Traefik	https://traefik.io/	MIT	Go/Docker		HTTP reverse proxy and load balancer that makes deploying microservices easy.
Servidores web	UUSEC WAF	https://waf.uusec.com/	GPL-3.0	C/Lua/Docker		Industry-leading high-performance, AI and semantic technology web application firewall and API security gateway (fork of nginx).
Servidores web	Vinyl Cache	https://vinyl-cache.org/	BSD-2-Clause	Go/deb/Docker		Web application accelerator/caching HTTP reverse proxy (formerly Varnish).
Servidores web	Zoraxy	https://zoraxy.aroz.org/	AGPL-3.0	Go/Docker		General purpose HTTP reverse proxy and forwarding tool.
Wikis	AmuseWiki	https://amusewiki.org/	GPL-1.0	Perl/Docker		Amusewiki is based on the Emacs Muse markup, remaining mostly compatible with the original implementation. It can work as a read-only site, as a moderated wiki, or as a fully open wiki or even as a private site.
Wikis	BookStack	https://www.bookstackapp.com/	MIT	PHP/Docker		Organize and store information. Stores documentation in a book like fashion.
Wikis	django-wiki	https://github.com/django-wiki/django-wiki	GPL-3.0	Python		Wiki system with complex functionality for simple integration and a superb interface. Store your knowledge with style: Use django models.
Wikis	docmost Community Edition	https://docmost.com/	AGPL-3.0	Docker/Nodejs		Collaborative wiki and documentation software (alternative to Confluence, Notion).
Wikis	Documize	https://documize.com	AGPL-3.0	Go		Modern Docs + Wiki software with built-in workflow, single binary executable, just bring MySQL/Percona.
Wikis	Dokuwiki	https://www.dokuwiki.org/DokuWiki	GPL-2.0	PHP		Easy to use, lightweight, standards-compliant wiki engine with a simple syntax allowing reading the data outside the wiki. All data is stored in plain text files, therefore no database is required.
Wikis	Feather Wiki	https://feather.wiki	AGPL-3.0	Javascript		A lightning fast and infinitely extensible tool for creating personal non-linear notebooks, databases, and wikis that is entirely self-contained, runs in your browser, and is only 58 kilobytes in size.
Wikis	Gitit	https://github.com/jgm/gitit	GPL-2.0	Haskell		Wiki program that stores pages and uploaded files in a git repository, which can then be modified using the VCS command line tools or the wiki's web interface.
Wikis	Gollum	https://github.com/gollum/gollum	MIT	Ruby		Simple, Git-powered wiki with a sweet API and local frontend.
Wikis	LeafWiki	https://github.com/perber/leafwiki	MIT	Docker/Go		A fast wiki for people who think in folders, not feeds. Fast editing. Tree navigation. Markdown on disk.
Wikis	Mediawiki	https://www.mediawiki.org/wiki/MediaWiki	GPL-2.0	PHP		Wiki software package that powers Wikipedia and all other Wikimedia projects, serving hundreds of millions of users each month.
Wikis	Mycorrhiza Wiki	https://mycorrhiza.wiki/	AGPL-3.0	Go		Filesystem and git-based wiki engine written in Go using Mycomarkup as its primary markup language.
Wikis	Otter Wiki	https://otterwiki.com/	MIT	Docker		Simple, easy to use wiki software using markdown.
Wikis	PmWiki	https://www.pmwiki.org	GPL-3.0	PHP		Wiki-based system for collaborative creation and maintenance of websites.
Wikis	Raneto	https://raneto.com/	MIT	Nodejs		Knowledgebase platform that uses static Markdown files.
Wikis	TiddlyWiki	https://tiddlywiki.com/	BSD-3-Clause	Nodejs		Reusable non-linear personal web notebook.
Wikis	Tiki	https://tiki.org/HomePage	LGPL-2.1	PHP		Wiki CMS Groupware with the most built-in features.
Wikis	W	https://w.club1.fr	AGPL-3.0	PHP		Lightweight, mutli-user, flat-file-database Wiki engine. Create pages quickly and edit them in your Web browser using Mardown/HTML/CSS/JS. The main difference with other wiki is that you are encouraged to customize each page style individually.
Wikis	WackoWiki	https://wackowiki.org/	BSD-3-Clause	PHP		WackoWiki is a light and easy to install multilingual Wiki-engine.
Wikis	Wiki-Go	https://leomoon.com/downloads/web-apps/wiki-go/	GPL-3.0	Go/Docker		A modern, feature-rich, databaseless flat-file wiki platform.
Wikis	Wiki.js	https://js.wiki/	AGPL-3.0	Nodejs/Docker/K8S		Modern, lightweight and powerful wiki app using Git and Markdown.
Wikis	WikiDocs	https://www.wikidocs.app/	MIT	PHP/Docker		A databaseless markdown flat-file wiki engine.
Wikis	WiKiss	https://wikiss.tuxfamily.org/	GPL-2.0	PHP		Wiki, simple to use and install.
Wikis	XWiki	https://www.xwiki.org	LGPL-2.1	Java/Docker/deb		Second generation wiki that allows the user to extend its functionalities with a powerful extension-based architecture.
Wikis	Zim	https://zim-wiki.org/	GPL-2.0	Python/deb		Graphical text editor used to maintain a collection of wiki pages. Each page can contain links to other pages, simple formatting and images.
